model,eval_time,constraint_type,constraint_value,constraint_met,alpha,realized_fpr_mean,catch_rate_mean,caught_alarm_fraction_mean,effective_alarm_fraction_mean,effective_lead_fraction_mean
baseline32,by earliest stop,realized_fpr_at_most,0.01,False,0.01,0.018510937975645982,0.08807663933526073,0.5661675889968052,0.9659542561662828,0.034045743833717126
baseline32,by earliest stop,realized_fpr_at_most,0.05,True,0.025,0.03658556908521248,0.1359432206236733,0.5559564137494714,0.9443388460286248,0.055661153971375124
baseline32,by earliest stop,realized_fpr_at_most,0.1,True,0.05,0.06344778263962937,0.20795310534111716,0.5557235906761453,0.909395065127703,0.09060493487229693
baseline32,by earliest stop,catch_rate_at_least,0.25,True,0.075,0.10131094868537407,0.2974065767583404,0.6111389278545089,0.8797377011928174,0.1202622988071826
baseline32,by earliest stop,catch_rate_at_least,0.5,True,0.2,0.279200515238926,0.5105092680781873,0.5391895555027416,0.7432321368744293,0.2567678631255705
baseline32,by earliest stop,catch_rate_at_least,0.75,False,0.3,0.42479417100958133,0.6455538603661249,0.4629900422322577,0.6315936333619162,0.36840636663808374
baseline32,fixed horizon 13,realized_fpr_at_most,0.01,False,0.01,0.022890732162944138,0.059032013987205624,0.35893954889435853,0.9651384646927956,0.034861535307204365
baseline32,fixed horizon 13,realized_fpr_at_most,0.05,True,0.025,0.037268821872705346,0.08896868101655989,0.3879775714542511,0.9424118142191011,0.0575881857808989
baseline32,fixed horizon 13,realized_fpr_at_most,0.1,True,0.075,0.0879085477612183,0.16461450209739728,0.30533710512529044,0.8853551940347204,0.11464480596527955
baseline32,fixed horizon 13,catch_rate_at_least,0.25,True,0.2,0.22046905646585815,0.3084040309799267,0.2542133842065267,0.7735853757480122,0.22641462425198772
baseline32,fixed horizon 13,catch_rate_at_least,0.5,False,0.3,0.37789237029506667,0.45106424145479557,0.20583679006267994,0.6421793828370356,0.3578206171629644
baseline32,fixed horizon 13,catch_rate_at_least,0.75,False,0.3,0.37789237029506667,0.45106424145479557,0.20583679006267994,0.6421793828370356,0.3578206171629644
baseline32,fixed horizon 25,realized_fpr_at_most,0.01,False,0.01,0.019115079425387326,0.052201138956563364,0.38201798328177344,0.9661135640712362,0.033886435928763815
baseline32,fixed horizon 25,realized_fpr_at_most,0.05,True,0.025,0.030928633465628064,0.08220635630392993,0.36263424893644886,0.9443478087649251,0.05565219123507488
baseline32,fixed horizon 25,realized_fpr_at_most,0.1,True,0.075,0.0736559419749788,0.16126141310612824,0.37063905091535043,0.8917192468335164,0.10828075316648356
baseline32,fixed horizon 25,catch_rate_at_least,0.25,True,0.15,0.16683341103603017,0.28916522400334127,0.48300661811407836,0.8370882688491739,0.16291173115082608
baseline32,fixed horizon 25,catch_rate_at_least,0.5,True,0.3,0.40742299584542846,0.539985239102479,0.4165376871255807,0.6696914739259536,0.33030852607404626
baseline32,fixed horizon 25,catch_rate_at_least,0.75,False,0.3,0.40742299584542846,0.539985239102479,0.4165376871255807,0.6696914739259536,0.33030852607404626
baseline32,fixed horizon 37,realized_fpr_at_most,0.01,False,0.01,0.015179048357471542,0.05170310488471465,0.45280734035266645,0.9689795926827186,0.031020407317281406
baseline32,fixed horizon 37,realized_fpr_at_most,0.05,True,0.05,0.04613677935040492,0.13686127600911024,0.4670286120849184,0.9164680779279928,0.0835319220720072
baseline32,fixed horizon 37,realized_fpr_at_most,0.1,True,0.075,0.06786236013308451,0.18955072239430867,0.5237977761960944,0.899167382316517,0.10083261768348295
baseline32,fixed horizon 37,catch_rate_at_least,0.25,True,0.15,0.16290914182162958,0.33715987153695115,0.5592917726489921,0.8408907106801189,0.1591092893198811
baseline32,fixed horizon 37,catch_rate_at_least,0.5,True,0.3,0.42072855674427734,0.6271274275278869,0.4832221800236235,0.6645367028448217,0.3354632971551781
baseline32,fixed horizon 37,catch_rate_at_least,0.75,False,0.3,0.42072855674427734,0.6271274275278869,0.4832221800236235,0.6645367028448217,0.3354632971551781
layer20_32,by earliest stop,realized_fpr_at_most,0.01,False,0.01,0.029333022136533538,0.10012534430867326,0.6684593414642402,0.9618402242483073,0.03815977575169263
layer20_32,by earliest stop,realized_fpr_at_most,0.05,True,0.01,0.029333022136533538,0.10012534430867326,0.6684593414642402,0.9618402242483073,0.03815977575169263
layer20_32,by earliest stop,realized_fpr_at_most,0.1,True,0.05,0.0939398608672505,0.2207621965467744,0.6273622865775216,0.9078992115956195,0.09210078840438046
layer20_32,by earliest stop,catch_rate_at_least,0.25,True,0.075,0.13906960160898169,0.3027201285998749,0.6103216673673841,0.8705770568146372,0.12942294318536277
layer20_32,by earliest stop,catch_rate_at_least,0.5,True,0.2,0.31490792564545306,0.5149393224052209,0.5335735616960242,0.7315406242608368,0.26845937573916323
layer20_32,by earliest stop,catch_rate_at_least,0.75,False,0.3,0.435106264586745,0.6416696872267907,0.45170867226159866,0.6165599270733115,0.38344007292668836
layer20_32,fixed horizon 13,realized_fpr_at_most,0.01,False,0.01,0.026248274384086577,0.05778684550394446,0.48266074865963904,0.9627507355127237,0.0372492644872761
layer20_32,fixed horizon 13,realized_fpr_at_most,0.05,True,0.025,0.04288187891786964,0.08068461889196257,0.415313319554204,0.9445620368284994,0.05543796317150059
layer20_32,fixed horizon 13,realized_fpr_at_most,0.1,True,0.075,0.09621699235239004,0.14870992722713844,0.3370820934449079,0.8967547770853403,0.10324522291465958
layer20_32,fixed horizon 13,catch_rate_at_least,0.25,True,0.15,0.19982933426307628,0.25624471077896255,0.3053255466767774,0.8214900031256862,0.17850999687431385
layer20_32,fixed horizon 13,catch_rate_at_least,0.5,False,0.3,0.45077248052912855,0.49772714382281064,0.2808195147677846,0.6348013712265665,0.36519862877343356
layer20_32,fixed horizon 13,catch_rate_at_least,0.75,False,0.3,0.45077248052912855,0.49772714382281064,0.2808195147677846,0.6348013712265665,0.36519862877343356
layer20_32,fixed horizon 25,realized_fpr_at_most,0.01,False,0.01,0.02088078290313289,0.056175819863031565,0.6521488165522086,0.9643411894320757,0.03565881056792435
layer20_32,fixed horizon 25,realized_fpr_at_most,0.05,True,0.025,0.0361050906849582,0.08067960419534337,0.550487185684954,0.948399535324425,0.05160046467557501
layer20_32,fixed horizon 25,realized_fpr_at_most,0.1,True,0.05,0.07035335758477161,0.121070254888976,0.5286949154924276,0.9253529271808448,0.0746470728191552
layer20_32,fixed horizon 25,catch_rate_at_least,0.25,True,0.15,0.24884764740595333,0.31761556450808326,0.4923254090906939,0.8312345899571465,0.16876541004285342
layer20_32,fixed horizon 25,catch_rate_at_least,0.5,True,0.3,0.4457568975349262,0.5734841785197787,0.4295120988074858,0.6484664149596812,0.35153358504031873
layer20_32,fixed horizon 25,catch_rate_at_least,0.75,False,0.3,0.4457568975349262,0.5734841785197787,0.4295120988074858,0.6484664149596812,0.35153358504031873
layer20_32,fixed horizon 37,realized_fpr_at_most,0.01,False,0.01,0.016146554068165356,0.05973073631683894,0.6267419270232284,0.96842949518336,0.031570504816639935
layer20_32,fixed horizon 37,realized_fpr_at_most,0.05,True,0.025,0.02982250596196636,0.09402709559709112,0.5991291696566089,0.9511676342523534,0.04883236574764671
layer20_32,fixed horizon 37,realized_fpr_at_most,0.1,True,0.05,0.06392767231034717,0.15003539620170867,0.5688318446371208,0.9238291163190272,0.07617088368097272
layer20_32,fixed horizon 37,catch_rate_at_least,0.25,True,0.1,0.14101537352096366,0.26643662169255433,0.5702476258903498,0.8752149368866119,0.12478506311338804
layer20_32,fixed horizon 37,catch_rate_at_least,0.5,True,0.3,0.4543856285519519,0.6289150881785103,0.46047733582494377,0.6392154741203351,0.360784525879665
layer20_32,fixed horizon 37,catch_rate_at_least,0.75,False,0.3,0.4543856285519519,0.6289150881785103,0.46047733582494377,0.6392154741203351,0.360784525879665
residual20_32,by earliest stop,realized_fpr_at_most,0.01,False,0.01,0.02524060728054634,0.11069629118983297,0.5783390898899637,0.9543754745465746,0.045624525453425324
residual20_32,by earliest stop,realized_fpr_at_most,0.05,True,0.025,0.044307351408343465,0.17239357421221094,0.5889885161279942,0.9267471858702596,0.07325281412974047
residual20_32,by earliest stop,realized_fpr_at_most,0.1,True,0.05,0.07861557626444601,0.24698672410596995,0.5790201449880971,0.8899682021024754,0.1100317978975246
residual20_32,by earliest stop,catch_rate_at_least,0.25,True,0.075,0.12878693098392938,0.3394200587711901,0.6003698035739563,0.8565807979565969,0.14341920204340317
residual20_32,by earliest stop,catch_rate_at_least,0.5,True,0.2,0.32743731087539674,0.5585533640963687,0.5191961531265289,0.7090435952461555,0.2909564047538446
residual20_32,by earliest stop,catch_rate_at_least,0.75,False,0.3,0.46604121282221866,0.6874917028539055,0.4427142600542039,0.5934077784205427,0.4065922215794572
residual20_32,fixed horizon 13,realized_fpr_at_most,0.01,False,0.01,0.026745195493921136,0.0659968007868142,0.36245260302744964,0.9588140624831327,0.04118593751686707
residual20_32,fixed horizon 13,realized_fpr_at_most,0.05,True,0.025,0.04236384088950566,0.09479834231324809,0.3556951437361517,0.9380870417610948,0.06191295823890515
residual20_32,fixed horizon 13,realized_fpr_at_most,0.1,True,0.075,0.08630727461184523,0.16173143572920512,0.3108719535227815,0.8877584928315494,0.11224150716845036
residual20_32,fixed horizon 13,catch_rate_at_least,0.25,True,0.15,0.1833561871114748,0.2648582028574233,0.2801499901817426,0.8133426328512303,0.18665736714876952
residual20_32,fixed horizon 13,catch_rate_at_least,0.5,False,0.3,0.4012989236508931,0.4827896150848338,0.2203911241124598,0.6199964809267626,0.3800035190732373
residual20_32,fixed horizon 13,catch_rate_at_least,0.75,False,0.3,0.4012989236508931,0.4827896150848338,0.2203911241124598,0.6199964809267626,0.3800035190732373
residual20_32,fixed horizon 25,realized_fpr_at_most,0.01,False,0.01,0.025108831414960973,0.06768640302662236,0.48626419195518744,0.9590461566675155,0.040953843332484655
residual20_32,fixed horizon 25,realized_fpr_at_most,0.05,True,0.025,0.04335864360231166,0.10464753211575688,0.49282076521944085,0.9350717482356476,0.06492825176435237
residual20_32,fixed horizon 25,realized_fpr_at_most,0.1,True,0.05,0.06764811262013057,0.14159198813768936,0.4636958131516063,0.9090406175383452,0.09095938246165487
residual20_32,fixed horizon 25,catch_rate_at_least,0.25,True,0.15,0.22195685143555396,0.33394248127478937,0.48959333200494964,0.818150725900615,0.18184927409938503
residual20_32,fixed horizon 25,catch_rate_at_least,0.5,True,0.3,0.44795695245795875,0.5778412923613492,0.41998317801424834,0.6462015393320988,0.3537984606679013
residual20_32,fixed horizon 25,catch_rate_at_least,0.75,False,0.3,0.44795695245795875,0.5778412923613492,0.41998317801424834,0.6462015393320988,0.3537984606679013
residual20_32,fixed horizon 37,realized_fpr_at_most,0.01,False,0.01,0.021678514414666446,0.06851182370288937,0.5282363889245817,0.960927305789151,0.03907269421084887
residual20_32,fixed horizon 37,realized_fpr_at_most,0.05,True,0.025,0.0384418619468671,0.11158559449105551,0.5107571263805917,0.9349652655942553,0.06503473440574471
residual20_32,fixed horizon 37,realized_fpr_at_most,0.1,True,0.075,0.08733429068071548,0.21947073047220217,0.5433524440889048,0.8901118068863341,0.10988819311366593
residual20_32,fixed horizon 37,catch_rate_at_least,0.25,True,0.1,0.13036436584819464,0.2821351395628837,0.5432155904237176,0.8605995090060718,0.1394004909939281
residual20_32,fixed horizon 37,catch_rate_at_least,0.5,True,0.2,0.3232479874394498,0.5145976142008732,0.5503401511134529,0.7560672005377154,0.24393279946228458
residual20_32,fixed horizon 37,catch_rate_at_least,0.75,False,0.3,0.4764120938572775,0.6742373239337588,0.47344387105124747,0.6294090443586569,0.37059095564134303
shuffled20_32,by earliest stop,realized_fpr_at_most,0.01,False,0.01,0.029266890134035033,0.08528702576998307,0.5683634174307014,0.9661298791334977,0.03387012086650233
shuffled20_32,by earliest stop,realized_fpr_at_most,0.05,True,0.025,0.04559018414637982,0.12598339298521247,0.5413244091215992,0.9470610652643661,0.05293893473563401
shuffled20_32,by earliest stop,realized_fpr_at_most,0.1,True,0.05,0.07452914372028327,0.18574370054308617,0.5815423185356134,0.9158327964739221,0.08416720352607787
shuffled20_32,by earliest stop,catch_rate_at_least,0.25,True,0.075,0.11496368565376205,0.26507835959879256,0.6096375895328564,0.8865002235117224,0.11349977648827747
shuffled20_32,by earliest stop,catch_rate_at_least,0.5,True,0.3,0.40207141410013847,0.6143595237552681,0.4771574277905123,0.6493655681776265,0.35063443182237347
shuffled20_32,by earliest stop,catch_rate_at_least,0.75,False,0.3,0.40207141410013847,0.6143595237552681,0.4771574277905123,0.6493655681776265,0.35063443182237347
shuffled20_32,fixed horizon 13,realized_fpr_at_most,0.01,False,0.01,0.017555402235145963,0.04365599038003841,0.4469961699097421,0.9758495134895637,0.024150486510436314
shuffled20_32,fixed horizon 13,realized_fpr_at_most,0.05,True,0.025,0.029851505027900523,0.06980412995927805,0.4248611103559901,0.9582496041389488,0.041750395861051115
shuffled20_32,fixed horizon 13,realized_fpr_at_most,0.1,True,0.075,0.07369381576955106,0.14402193661575438,0.3466969872092961,0.899298916150741,0.1007010838492591
shuffled20_32,fixed horizon 13,catch_rate_at_least,0.25,True,0.2,0.2128012467506859,0.29784254077604977,0.28234577505489883,0.7819374934181758,0.2180625065818243
shuffled20_32,fixed horizon 13,catch_rate_at_least,0.5,False,0.3,0.3733498328778023,0.43728758012714913,0.22057393607147877,0.6565167667737015,0.34348323322629853
shuffled20_32,fixed horizon 13,catch_rate_at_least,0.75,False,0.3,0.3733498328778023,0.43728758012714913,0.22057393607147877,0.6565167667737015,0.34348323322629853
shuffled20_32,fixed horizon 25,realized_fpr_at_most,0.01,False,0.01,0.02326047624090339,0.05055359068744945,0.41210332431885793,0.972729542126611,0.02727045787338909
shuffled20_32,fixed horizon 25,realized_fpr_at_most,0.05,True,0.025,0.035657453807730756,0.07356255656468416,0.469290266176736,0.9571391037182966,0.0428608962817032
shuffled20_32,fixed horizon 25,realized_fpr_at_most,0.1,True,0.075,0.08401420758891695,0.14756195134787953,0.4406136367016253,0.9091178771001516,0.09088212289984841
shuffled20_32,fixed horizon 25,catch_rate_at_least,0.25,True,0.15,0.17225391489855196,0.2715270251214801,0.45848424523263576,0.8401798076675705,0.15982019233242944
shuffled20_32,fixed horizon 25,catch_rate_at_least,0.5,False,0.3,0.38135823679796604,0.4909944663616246,0.4043013250875795,0.6837017723787275,0.31629822762127235
shuffled20_32,fixed horizon 25,catch_rate_at_least,0.75,False,0.3,0.38135823679796604,0.4909944663616246,0.4043013250875795,0.6837017723787275,0.31629822762127235
shuffled20_32,fixed horizon 37,realized_fpr_at_most,0.01,False,0.01,0.020251890005247554,0.05060956279749135,0.4287323133161746,0.9699144234478126,0.0300855765521873
shuffled20_32,fixed horizon 37,realized_fpr_at_most,0.05,True,0.025,0.029684903998988772,0.07345151950297867,0.4708499352138055,0.9562740792047408,0.04372592079525911
shuffled20_32,fixed horizon 37,realized_fpr_at_most,0.1,True,0.075,0.07273868444619865,0.16492218908506076,0.5336651615138366,0.9147004404741429,0.08529955952585712
shuffled20_32,fixed horizon 37,catch_rate_at_least,0.25,True,0.15,0.16636903303784412,0.3088654708517041,0.5659469109465916,0.8522643590600165,0.14773564093998354
shuffled20_32,fixed horizon 37,catch_rate_at_least,0.5,True,0.3,0.3817039826432597,0.5700904771670444,0.4811925408877724,0.6828707001629691,0.31712929983703064
shuffled20_32,fixed horizon 37,catch_rate_at_least,0.75,False,0.3,0.3817039826432597,0.5700904771670444,0.4811925408877724,0.6828707001629691,0.31712929983703064
shuffled_residual20_32,by earliest stop,realized_fpr_at_most,0.01,False,0.01,0.020294566659251438,0.09573765211867862,0.5891093744764919,0.9623067744437745,0.03769322555622534
shuffled_residual20_32,by earliest stop,realized_fpr_at_most,0.05,True,0.025,0.040276986640708216,0.14764190163178628,0.5710397372223677,0.9379415420398949,0.06205845796010501
shuffled_residual20_32,by earliest stop,realized_fpr_at_most,0.1,True,0.05,0.06789498058971333,0.21749047980862227,0.549809606007772,0.9021448818000307,0.09785511819996924
shuffled_residual20_32,by earliest stop,catch_rate_at_least,0.25,True,0.075,0.10731300381996149,0.29990189509385096,0.59877751722716,0.8745058000077552,0.12549419999224465
shuffled_residual20_32,by earliest stop,catch_rate_at_least,0.5,True,0.2,0.2954955716734936,0.5258723909607196,0.5260043715800717,0.7311743546090701,0.2688256453909298
shuffled_residual20_32,by earliest stop,catch_rate_at_least,0.75,False,0.3,0.42884199764810127,0.6540068545558009,0.4526074255425219,0.6213725189986294,0.37862748100137056
shuffled_residual20_32,fixed horizon 13,realized_fpr_at_most,0.01,False,0.01,0.02090693748286221,0.060782405999689634,0.41804044044420674,0.9653475285540234,0.03465247144597665
shuffled_residual20_32,fixed horizon 13,realized_fpr_at_most,0.05,True,0.025,0.03639403629232673,0.08846131032757985,0.37159151634140364,0.9450250381958082,0.05497496180419177
shuffled_residual20_32,fixed horizon 13,realized_fpr_at_most,0.1,True,0.075,0.08095143655781879,0.15678245671340546,0.2811803120813418,0.8901365354948082,0.10986346450519173
shuffled_residual20_32,fixed horizon 13,catch_rate_at_least,0.25,True,0.2,0.20829341541885388,0.30446914520923324,0.25766586895335647,0.7795075217249181,0.22049247827508195
shuffled_residual20_32,fixed horizon 13,catch_rate_at_least,0.5,False,0.3,0.37492050459252624,0.451044619818343,0.20621509301691415,0.6411652816805518,0.35883471831944813
shuffled_residual20_32,fixed horizon 13,catch_rate_at_least,0.75,False,0.3,0.37492050459252624,0.451044619818343,0.20621509301691415,0.6411652816805518,0.35883471831944813
shuffled_residual20_32,fixed horizon 25,realized_fpr_at_most,0.01,False,0.01,0.020177766856739714,0.05685325581339691,0.43157087549515183,0.9648632378476873,0.035136762152312574
shuffled_residual20_32,fixed horizon 25,realized_fpr_at_most,0.05,True,0.025,0.03284711043024919,0.08417558715094513,0.3894870231359657,0.9447008223777036,0.0552991776222964
shuffled_residual20_32,fixed horizon 25,realized_fpr_at_most,0.1,True,0.075,0.07178517789056188,0.16236232083754462,0.44789667478723433,0.8942563879846194,0.1057436120153807
shuffled_residual20_32,fixed horizon 25,catch_rate_at_least,0.25,True,0.15,0.16150095951029148,0.2827802680760262,0.4855761990170041,0.8401132110083701,0.15988678899162995
shuffled_residual20_32,fixed horizon 25,catch_rate_at_least,0.5,True,0.3,0.40888289299080427,0.5390329947870175,0.4071554978821298,0.6667159640487962,0.3332840359512036
shuffled_residual20_32,fixed horizon 25,catch_rate_at_least,0.75,False,0.3,0.40888289299080427,0.5390329947870175,0.4071554978821298,0.6667159640487962,0.3332840359512036
shuffled_residual20_32,fixed horizon 37,realized_fpr_at_most,0.01,False,0.01,0.017394251164955955,0.06047595119716569,0.5019253061001275,0.9651325073142187,0.03486749268578123
shuffled_residual20_32,fixed horizon 37,realized_fpr_at_most,0.05,True,0.05,0.04797872814461783,0.14381020471075817,0.4667192422662649,0.9145380638233316,0.0854619361766683
shuffled_residual20_32,fixed horizon 37,realized_fpr_at_most,0.1,True,0.075,0.07301279509256418,0.19711382895491186,0.5269860725882559,0.8966497085153675,0.10335029148463255
shuffled_residual20_32,fixed horizon 37,catch_rate_at_least,0.25,True,0.15,0.17075435755496698,0.343814880906265,0.5576048516719695,0.8369966538523528,0.1630033461476473
shuffled_residual20_32,fixed horizon 37,catch_rate_at_least,0.5,True,0.3,0.42883800382198417,0.6302228057907364,0.4749913727948928,0.6614009689073888,0.3385990310926112
shuffled_residual20_32,fixed horizon 37,catch_rate_at_least,0.75,False,0.3,0.42883800382198417,0.6302228057907364,0.4749913727948928,0.6614009689073888,0.3385990310926112
