comparison_type,left,right,eval_time,left_alpha,right_alpha,n_tasks,delta_realized_fpr,delta_realized_fpr_ci_low,delta_realized_fpr_ci_high,delta_realized_fpr_positive_tasks,delta_catch_rate,delta_catch_rate_ci_low,delta_catch_rate_ci_high,delta_catch_rate_positive_tasks,delta_effective_lead_fraction,delta_effective_lead_fraction_ci_low,delta_effective_lead_fraction_ci_high,delta_effective_lead_fraction_positive_tasks,catch_rate_sign_flip_pvalue_two_sided
same nominal alpha,late24_28_32,baseline32,by earliest stop,0.01,0.01,10,0.008468613086260146,-0.010380540293040292,0.034620658263305217,4,0.009257488679902465,-0.034010479797979803,0.0459482448726617,6,0.006080263072301313,-0.012094096954805206,0.02321341777511937,6,0.6839024390243903
same nominal alpha,late24_28_32,baseline32,by earliest stop,0.025,0.025,10,0.011457026056201098,-0.011982304810604657,0.03971497373730581,4,0.01545820476570984,-0.03406624562050524,0.06787043751408603,5,0.006623867729077609,-0.01520750992043199,0.029969378921808433,6,0.5863414634146341
same nominal alpha,late24_28_32,baseline32,by earliest stop,0.05,0.05,10,0.02930625754366788,-0.012425849303135882,0.0871052555168409,4,0.03911911303706436,-0.01693980243612597,0.10392581699346407,6,0.01770927265761964,-0.012364378172256036,0.054087905277507814,6,0.28585365853658534
same nominal alpha,late24_28_32,baseline32,by earliest stop,0.075,0.075,10,0.042470570279393806,-0.0030105863499245824,0.10772879273504257,5,0.05742066609297848,0.00662056508287745,0.11975399942631179,6,0.029457391474492566,-0.0011675385164898718,0.06903226074875311,6,0.07512195121951219
same nominal alpha,late24_28_32,baseline32,by earliest stop,0.1,0.1,10,0.05000105580693816,0.004881908532643827,0.11439630952380941,6,0.06392909726063885,0.019165290173540656,0.11819641877701967,6,0.03870217775466498,0.00836961757175517,0.07913354878955162,7,0.03219512195121951
same nominal alpha,late24_28_32,baseline32,by earliest stop,0.15,0.15,10,0.03554087242265147,0.007201980345495418,0.07315275870072856,7,0.060177764118534906,0.023300561992473743,0.1010349437580675,9,0.042059879145208943,0.01267856434032043,0.0827816784444312,8,0.010731707317073172
same nominal alpha,late24_28_32,baseline32,by earliest stop,0.2,0.2,10,0.035709952414077234,0.004656656698155977,0.0690085714285714,6,0.05392419973910848,0.010287519805902166,0.09547505992992802,8,0.04535310803045627,0.008172176662432092,0.08977496625504072,8,0.05365853658536585
same nominal alpha,late24_28_32,baseline32,by earliest stop,0.3,0.3,10,0.03390673765498013,0.0018218701750983457,0.0665180070187862,6,0.057300959561811506,0.019518707169736617,0.09645916292744885,8,0.06399903730561586,0.029521427555835887,0.10297388500419824,8,0.0224390243902439
independent FPR <= 0.05 operating points,late24_28_32,baseline32,by earliest stop,0.01,0.025,10,-0.010596229348524899,-0.026416390956007164,0.004205667429573455,2,-0.023963435572766194,-0.06975163503698238,0.010500884043272467,4,-0.009679248575579396,-0.03104457878109927,0.005852257512129547,3,0.36390243902439023
same nominal alpha,late24_28_32,baseline32,fixed horizon 13,0.01,0.01,10,0.008285972850678733,-0.0190388134741076,0.03953725490196079,5,0.00984906878111746,-0.012182609180035654,0.032665596123506876,7,0.007037496434149573,-0.0075422223936194585,0.02277312518026259,7,0.32878048780487806
same nominal alpha,late24_28_32,baseline32,fixed horizon 13,0.025,0.025,10,0.0037285478231317516,-0.027538606833446333,0.03309603174603174,5,0.009007047144876757,-0.015320163987747661,0.031785368594668746,7,0.0068379657079454285,-0.013408974358974353,0.02585190175274355,7,0.5121951219512195
same nominal alpha,late24_28_32,baseline32,fixed horizon 13,0.05,0.05,10,0.016623823187811713,-0.014089287422285978,0.046162717770034764,5,0.019898428504108022,-0.004070348310693133,0.04135989858012169,7,0.012419418242339126,-0.009848391092229845,0.03122604312945332,7,0.14536585365853658
same nominal alpha,late24_28_32,baseline32,fixed horizon 13,0.075,0.075,10,0.021170736265965818,-0.007613929092587633,0.046497538409303076,7,0.033833049562562764,0.010699467468805736,0.05438948076095642,8,0.02160437807628477,-4.3336704145526514e-05,0.038379101841082064,8,0.02048780487804878
same nominal alpha,late24_28_32,baseline32,fixed horizon 13,0.1,0.1,10,0.024234666891374206,-0.002741043509336196,0.04765421535950495,8,0.033847765689347845,0.015391809909439235,0.0487458144579671,8,0.02351964811163594,0.0031198635796252506,0.038088992940798205,8,0.012682926829268294
same nominal alpha,late24_28_32,baseline32,fixed horizon 13,0.15,0.15,10,0.017747884970123133,-0.009501205918264739,0.043419200415000275,8,0.03191056235102891,0.000886354237097186,0.05845555555555556,8,0.02847610273431775,0.012217485472607176,0.04369013803584291,8,0.07512195121951219
same nominal alpha,late24_28_32,baseline32,fixed horizon 13,0.2,0.2,10,0.016907620340762382,-0.02831887598054742,0.059913889721389696,8,0.029417179912717438,-0.006543551258016239,0.060939256535947714,7,0.031973187878157464,0.014514585392070185,0.04953616713042421,9,0.14341463414634145
same nominal alpha,late24_28_32,baseline32,fixed horizon 13,0.3,0.3,10,0.025914282107180258,-0.024486288833715276,0.0787141322896774,8,0.03301530484015272,-0.0054878296146044555,0.07017862336174442,8,0.029535595855575563,0.0014209682840260686,0.0570655769447478,8,0.14926829268292682
independent FPR <= 0.05 operating points,late24_28_32,baseline32,fixed horizon 13,0.01,0.01,10,0.008285972850678733,-0.0190388134741076,0.03953725490196079,5,0.00984906878111746,-0.012182609180035654,0.032665596123506876,7,0.007037496434149573,-0.0075422223936194585,0.02277312518026259,7,0.32878048780487806
same nominal alpha,late24_28_32,baseline32,fixed horizon 25,0.01,0.01,10,0.009292979242979246,-0.016624418498168494,0.04023127594627592,4,0.01829478763292151,-0.0033636363636363594,0.040826902237383965,7,0.011700034667158401,-0.0026955036838977923,0.028137181838670682,6,0.15707317073170732
same nominal alpha,late24_28_32,baseline32,fixed horizon 25,0.025,0.025,10,0.007969412036234132,-0.019265713971486027,0.03436513017808743,5,0.022745185116888975,-0.003972701277480689,0.05055074131272155,6,0.01213139770934497,-0.005075174237302029,0.029694963262441854,7,0.14926829268292682
same nominal alpha,late24_28_32,baseline32,fixed horizon 25,0.05,0.05,10,0.02512196904402787,-0.00925137003519356,0.06170678930546574,5,0.037649429385129184,0.003925319216505824,0.07174905510480055,7,0.022841355051529486,0.0030384828282828172,0.041885418019956135,7,0.07121951219512195
same nominal alpha,late24_28_32,baseline32,fixed horizon 25,0.075,0.075,10,0.038979565194091736,0.004140986767098676,0.07715062224132065,7,0.04971245620505256,0.017342491855676444,0.086023141762452,8,0.029822099575880508,0.010876751097178684,0.04704733351875755,8,0.024390243902439025
same nominal alpha,late24_28_32,baseline32,fixed horizon 25,0.1,0.1,10,0.05111779905492244,0.011882583099090455,0.1009574046780573,8,0.061103190116171865,0.026132511729874807,0.10401733153031327,8,0.03869774409408485,0.020748502264019475,0.05490048480545819,8,0.012682926829268294
same nominal alpha,late24_28_32,baseline32,fixed horizon 25,0.15,0.15,10,0.03969963497764788,-0.0033835030329148097,0.1050568165494636,7,0.06588966302647845,0.022427127614891306,0.11972908975659222,9,0.04072019975276771,0.0224143243571619,0.06072636382486116,10,0.018536585365853658
same nominal alpha,late24_28_32,baseline32,fixed horizon 25,0.2,0.2,10,0.04293203894782087,-0.023367047769702002,0.13162527251164263,6,0.06409200319626283,0.004372125207449776,0.1369406209150325,8,0.043180500515636405,0.014796993038225384,0.07347840703177821,8,0.09073170731707317
same nominal alpha,late24_28_32,baseline32,fixed horizon 25,0.3,0.3,10,0.04917983220748641,-0.04073685779498287,0.17507232954545449,6,0.07425799202300216,0.0035551431232541627,0.16614614125535263,8,0.04951325916364454,0.008303968856926235,0.09414995267072346,8,0.09268292682926829
independent FPR <= 0.05 operating points,late24_28_32,baseline32,fixed horizon 25,0.01,0.025,10,-0.007805589759355895,-0.03499488804277183,0.015685058313976,4,-0.0037206998996045628,-0.03516167824287499,0.020955510480054094,5,-0.0039026999815600172,-0.023916157754010688,0.012521198501239585,5,0.8751219512195122
same nominal alpha,late24_28_32,baseline32,fixed horizon 37,0.01,0.01,10,0.011976610644257705,-0.014642436974789919,0.0420635912698412,4,0.00958824861187944,-0.01923499702911468,0.03599665314401622,6,0.009023841202441601,-0.0045427551950346125,0.023975666538749687,6,0.5317073170731708
same nominal alpha,late24_28_32,baseline32,fixed horizon 37,0.025,0.025,10,0.010958564876857563,-0.017817472974180286,0.04132806668602391,5,0.016851434220501154,-0.016903694654455313,0.04948788011965484,5,0.008242003583889988,-0.008383947801987878,0.02431898492628715,6,0.38341463414634147
same nominal alpha,late24_28_32,baseline32,fixed horizon 37,0.05,0.05,10,0.017249533059002214,-0.020315219596281284,0.06001347168135542,5,0.031398958141250224,-0.004620023767082584,0.07155996619337388,6,0.013722786745809054,-0.005497153972153978,0.03179143701418548,7,0.1648780487804878
same nominal alpha,late24_28_32,baseline32,fixed horizon 37,0.075,0.075,10,0.028159218296449285,-0.006014302137365273,0.0678675623135431,6,0.04207402626672403,0.0042882534779847235,0.089656286367734,6,0.022564544048012596,0.003789059181807649,0.04109574801728704,7,0.09073170731707317
same nominal alpha,late24_28_32,baseline32,fixed horizon 37,0.1,0.1,10,0.04418477664930319,0.002974211271651187,0.09604504898347703,6,0.05710844448542217,0.019911892761284238,0.10758961099330008,8,0.029421444254507136,0.010598407246911296,0.04923696126884762,8,0.00878048780487805
same nominal alpha,late24_28_32,baseline32,fixed horizon 37,0.15,0.15,10,0.050784840546031364,0.0028357811632811606,0.13160675305087072,6,0.07044917293284433,0.02073542668059907,0.13656523391453407,9,0.03404122015247775,0.012521257519736206,0.05707706923685621,8,0.016585365853658537
same nominal alpha,late24_28_32,baseline32,fixed horizon 37,0.2,0.2,10,0.07474154818161273,0.011144021782955591,0.175157132555791,7,0.08107907130807737,0.021812992876704847,0.15892283650398498,7,0.0511720302544846,0.025363418317589214,0.08391481772224925,10,0.024390243902439025
same nominal alpha,late24_28_32,baseline32,fixed horizon 37,0.3,0.3,10,0.048339885409505234,-0.025054474206349157,0.14573539450745338,5,0.05940722949576903,0.00018648900260209093,0.1265647543385168,6,0.057461792550433544,0.015211571741389204,0.10643760502965625,8,0.12975609756097561
independent FPR <= 0.05 operating points,late24_28_32,baseline32,fixed horizon 37,0.01,0.025,10,-0.004393997430116507,-0.030017761258349488,0.0180799825783972,4,-0.014573785522568486,-0.05462607963509333,0.013036285778679286,3,-0.006357855319822874,-0.02516450913388033,0.008664374364222217,5,0.68
same nominal alpha,shuffled_late24_28_32,baseline32,by earliest stop,0.01,0.01,10,0.004427197802197804,-0.0161529304029304,0.019904761904761904,6,-0.022610541520683515,-0.05334333691888458,0.0037959246112237895,4,0.0001212993322778362,-0.017870833079608944,0.01641521405224404,4,0.18439024390243902
same nominal alpha,shuffled_late24_28_32,baseline32,by earliest stop,0.025,0.025,10,0.0006562754995681847,-0.023880716575091575,0.0216988095238095,5,-0.03169990677566742,-0.06368451054664288,-0.0015141311697093028,3,-0.0020911572576385457,-0.024536673867681356,0.017916563605650512,4,0.09463414634146342
same nominal alpha,shuffled_late24_28_32,baseline32,by earliest stop,0.05,0.05,10,-0.00274057666787222,-0.03029109934780666,0.020912048096770084,4,-0.036247116192349466,-0.06458877005347594,-0.005641734279918878,1,0.000474330614163259,-0.025854863622554885,0.025223462325268755,5,0.04
same nominal alpha,shuffled_late24_28_32,baseline32,by earliest stop,0.075,0.075,10,-0.005036742115687598,-0.034841416036537995,0.02709978403948991,4,-0.03227617657303254,-0.06269041666666665,-0.0001812035158890862,2,0.006290148900102861,-0.026238595881880402,0.039106819084140876,5,0.09073170731707317
same nominal alpha,shuffled_late24_28_32,baseline32,by earliest stop,0.1,0.1,10,-0.008650018883555464,-0.04315559777620753,0.030455071194049832,4,-0.03588471838056017,-0.07056586452762922,0.0009935709785481364,2,0.006310679445174936,-0.030251936439692175,0.044531285378048166,5,0.09853658536585366
same nominal alpha,shuffled_late24_28_32,baseline32,by earliest stop,0.15,0.15,10,-0.014731726957085639,-0.06180474436979011,0.05097918636042735,1,-0.043997012723584736,-0.0801254039891819,-0.003591308623763009,2,0.00880842905958637,-0.03401431121101603,0.05714549706856669,3,0.06731707317073171
same nominal alpha,shuffled_late24_28_32,baseline32,by earliest stop,0.2,0.2,10,-0.03305806935372933,-0.0705700194876262,0.007331451339987917,2,-0.05989494881198735,-0.09497068082788669,-0.023751773738056668,3,-0.007636825292799415,-0.045608296357690266,0.031745559415612815,3,0.024390243902439025
same nominal alpha,shuffled_late24_28_32,baseline32,by earliest stop,0.3,0.3,10,-0.010600567036183945,-0.030465600665972783,0.006118941664803349,5,-0.045017036490667316,-0.08192325895875593,-0.011844448798328095,3,-8.430675028803792e-05,-0.040235246431810555,0.04398234470750209,3,0.03414634146341464
independent FPR <= 0.05 operating points,shuffled_late24_28_32,baseline32,by earliest stop,0.025,0.025,10,0.0006562754995681847,-0.023880716575091575,0.0216988095238095,5,-0.03169990677566742,-0.06368451054664288,-0.0015141311697093028,3,-0.0020911572576385457,-0.024536673867681356,0.017916563605650512,4,0.09463414634146342
same nominal alpha,shuffled_late24_28_32,baseline32,fixed horizon 13,0.01,0.01,10,-0.002916521223874172,-0.029757546864899807,0.014668697478991586,5,-0.006862882373430046,-0.030943513071895426,0.013618252760874437,4,-0.009180809814481213,-0.030437053439292285,0.005254167598515988,5,0.6175609756097561
same nominal alpha,shuffled_late24_28_32,baseline32,fixed horizon 13,0.025,0.025,10,-0.00771756113327132,-0.03536754983419259,0.00917688492063491,5,-0.009482874382772965,-0.040683363042186574,0.016159785609646125,5,-0.010766056886543696,-0.039302653784687246,0.009922593423310982,5,0.6136585365853658
same nominal alpha,shuffled_late24_28_32,baseline32,fixed horizon 13,0.05,0.05,10,-0.0054505109110561,-0.03339329789451741,0.014426918653640302,4,-0.0064874526195012995,-0.03829110219845514,0.02375253708484434,3,-0.007271176186896264,-0.035833602998308886,0.016499130996341926,4,0.6995121951219512
same nominal alpha,shuffled_late24_28_32,baseline32,fixed horizon 13,0.075,0.075,10,-0.009288232841604443,-0.03586252298355241,0.012012743959372352,4,-0.00788614747884524,-0.040689433303624456,0.024657352275288362,5,-0.006974764653872155,-0.03440837858220211,0.01776306448397213,4,0.6760975609756098
same nominal alpha,shuffled_late24_28_32,baseline32,fixed horizon 13,0.1,0.1,10,-0.009607446646291703,-0.036474853439243685,0.01596454476099381,4,-0.013269794291802398,-0.04511696134775747,0.018727407595221974,4,-0.009769673328699687,-0.035964190548014065,0.012916566026941282,3,0.4497560975609756
same nominal alpha,shuffled_late24_28_32,baseline32,fixed horizon 13,0.15,0.15,10,-0.026260047926726548,-0.07063970909799192,0.011113657584245788,4,-0.03653420854932009,-0.07774171568627448,0.00674806710615276,2,-0.017833131465484396,-0.05323696923991038,0.01610536359065771,3,0.14926829268292682
same nominal alpha,shuffled_late24_28_32,baseline32,fixed horizon 13,0.2,0.2,10,-0.022226309908806308,-0.08062108753035581,0.026305734671035957,4,-0.035815588610923293,-0.09065679738562091,0.0183080159266772,4,-0.01770420415734817,-0.06555781700213241,0.028425773651635712,3,0.2624390243902439
same nominal alpha,shuffled_late24_28_32,baseline32,fixed horizon 13,0.3,0.3,10,-0.023181833840478026,-0.09404743606385642,0.04170053902736829,2,-0.03451826855437404,-0.10339280723905725,0.03095922208050748,4,-0.032109030887225616,-0.09421515282919697,0.024987881631365352,4,0.3795121951219512
independent FPR <= 0.05 operating points,shuffled_late24_28_32,baseline32,fixed horizon 13,0.025,0.01,10,0.011638517201752494,-0.01691570364684336,0.03845486577964516,6,0.012557523510971783,-0.014621609477124193,0.043243050330895136,6,0.004522849890699785,-0.01856274117560377,0.024682915902274394,5,0.49658536585365853
same nominal alpha,shuffled_late24_28_32,baseline32,fixed horizon 25,0.01,0.01,10,-0.0015231738849385951,-0.028678696491417084,0.0161073739495798,6,-0.0007154598725592681,-0.024456332442067737,0.01904158752842826,5,-0.0036615239207490762,-0.024725558823529413,0.011341864886184345,5,0.9609756097560975
same nominal alpha,shuffled_late24_28_32,baseline32,fixed horizon 25,0.025,0.025,10,-0.00800618850701347,-0.03618423950829976,0.008806967256599605,7,-0.008008448583195037,-0.040805101010101,0.019734933513635332,5,-0.008529696682852864,-0.036561446482061985,0.011809149841211291,5,0.6760975609756098
same nominal alpha,shuffled_late24_28_32,baseline32,fixed horizon 25,0.05,0.05,10,-0.002511946725361361,-0.0371613684926185,0.02364384436701503,5,-0.005111540352818247,-0.0410019288472965,0.02902829778515367,4,-0.005497868748335279,-0.037660601901366615,0.019828550781650075,4,0.824390243902439
same nominal alpha,shuffled_late24_28_32,baseline32,fixed horizon 25,0.075,0.075,10,0.00639671966006255,-0.03199901702872292,0.040687332265415085,5,-0.003628039010797625,-0.04331888868400024,0.03434633121273585,4,-0.004178623476140711,-0.04066824901960785,0.0274927104616141,5,0.8517073170731707
same nominal alpha,shuffled_late24_28_32,baseline32,fixed horizon 25,0.1,0.1,10,0.003337147357663853,-0.03524472748795922,0.03993104768736763,5,-0.005262244145307024,-0.04676705659536542,0.035570308946462584,4,-0.0035890841887434117,-0.04110271345811051,0.03047146757022554,4,0.7970731707317074
same nominal alpha,shuffled_late24_28_32,baseline32,fixed horizon 25,0.15,0.15,10,-0.006583542497674499,-0.05758490220822537,0.048402278358497725,3,-0.010997346692072859,-0.05702647903989182,0.03455196385764336,4,-0.0060733541090417145,-0.043210157754010686,0.029078839984018712,4,0.6643902439024391
same nominal alpha,shuffled_late24_28_32,baseline32,fixed horizon 25,0.2,0.2,10,-0.020008735828176295,-0.07633329231743866,0.036254954091620044,3,-0.021254592237452262,-0.07594008151153181,0.02911435081033453,4,-0.009012657583270156,-0.04699233355871082,0.028182961937836763,4,0.48097560975609754
same nominal alpha,shuffled_late24_28_32,baseline32,fixed horizon 25,0.3,0.3,10,-0.015287479338770588,-0.0876842492355405,0.05959553906558911,4,-0.01157257326476393,-0.08525461836075426,0.06305284761065695,5,-0.003871635352852404,-0.05936915314401625,0.05019864467870014,4,0.7814634146341464
independent FPR <= 0.05 operating points,shuffled_late24_28_32,baseline32,fixed horizon 25,0.025,0.025,10,-0.00800618850701347,-0.03618423950829976,0.008806967256599605,7,-0.008008448583195037,-0.040805101010101,0.019734933513635332,5,-0.008529696682852864,-0.036561446482061985,0.011809149841211291,5,0.6760975609756098
same nominal alpha,shuffled_late24_28_32,baseline32,fixed horizon 37,0.01,0.01,10,-8.92946922359042e-06,-0.026484949005243123,0.01747975606909426,6,-0.010551906488823325,-0.035320383244206784,0.010893367652181022,4,-0.001944854360168761,-0.022129735564902907,0.01201904135372695,6,0.42634146341463414
same nominal alpha,shuffled_late24_28_32,baseline32,fixed horizon 37,0.025,0.025,10,-0.005612776526836787,-0.03250559513418194,0.01171782362464571,6,-0.01632001864486652,-0.0491741576259553,0.010880356941627204,5,-0.005473874012312152,-0.030321854613233924,0.011655607767549947,5,0.42634146341463414
same nominal alpha,shuffled_late24_28_32,baseline32,fixed horizon 37,0.05,0.05,10,-0.004166307397369095,-0.03479212474178938,0.01741550778848124,5,-0.010665480361423566,-0.04549211229946524,0.022031090724691126,4,-0.0015787549858543796,-0.030682799537505422,0.0210443988290337,5,0.5941463414634146
same nominal alpha,shuffled_late24_28_32,baseline32,fixed horizon 37,0.075,0.075,10,0.0015640725685919343,-0.028877995478736155,0.02705077097838395,5,-0.004353019034154938,-0.0423139780154486,0.03401796934865889,4,0.004560988676303071,-0.03007611729376436,0.03590056798177486,5,0.8360975609756097
same nominal alpha,shuffled_late24_28_32,baseline32,fixed horizon 37,0.1,0.1,10,0.003365762206866932,-0.028469801861417718,0.03014971191728722,6,0.00018169524863236586,-0.04026617647058822,0.04203721264367814,4,0.0052758195407282705,-0.02972919175860352,0.03802441697967557,4,0.9960975609756098
same nominal alpha,shuffled_late24_28_32,baseline32,fixed horizon 37,0.15,0.15,10,0.006304501974193499,-0.042465023433544774,0.05980655888528014,5,-0.010795843833876283,-0.06322016347552603,0.04387228881103116,3,0.0034478110694135186,-0.037110784336567795,0.04633906214092551,4,0.7034146341463414
same nominal alpha,shuffled_late24_28_32,baseline32,fixed horizon 37,0.2,0.2,10,0.0025112701701295675,-0.05003450702583326,0.05792287582346315,4,-0.027461815245080966,-0.08342470216874627,0.03382520467521732,3,-0.008234789362476968,-0.04882599356709649,0.03648450265589196,3,0.4029268292682927
same nominal alpha,shuffled_late24_28_32,baseline32,fixed horizon 37,0.3,0.3,10,0.01061750606320192,-0.048958991252848846,0.0861868968429944,5,-0.03216388496185659,-0.09468231237322518,0.03672417874655955,3,-0.0008042876455655268,-0.05034998380733674,0.05190540750851348,4,0.3853658536585366
independent FPR <= 0.05 operating points,shuffled_late24_28_32,baseline32,fixed horizon 37,0.025,0.025,10,-0.005612776526836787,-0.03250559513418194,0.01171782362464571,6,-0.01632001864486652,-0.0491741576259553,0.010880356941627204,5,-0.005473874012312152,-0.030321854613233924,0.011655607767549947,5,0.42634146341463414
same nominal alpha,late24_28_32,shuffled_late24_28_32,by earliest stop,0.01,0.01,10,0.004041415284062344,-0.015417483660130715,0.02547039969834085,3,0.031868030200585984,0.007545661764705884,0.05559283102321387,7,0.005958963740023478,-0.009073458823451083,0.021877326287491627,6,0.04390243902439024
same nominal alpha,late24_28_32,shuffled_late24_28_32,by earliest stop,0.025,0.025,10,0.01080075055663291,-0.011145751633986926,0.0327389194139194,4,0.04715811154137726,0.012842461660212679,0.08417752082180821,7,0.008715024986716155,-0.010011106637174992,0.029344596711188053,5,0.04390243902439024
same nominal alpha,late24_28_32,shuffled_late24_28_32,by earliest stop,0.05,0.05,10,0.0320468342115401,-0.013876228346816576,0.08338626262626259,5,0.07536622922941383,0.028318320732681788,0.1336430347593582,8,0.01723494204345638,-0.01459808714098712,0.05002338089548756,7,0.012682926829268294
same nominal alpha,late24_28_32,shuffled_late24_28_32,by earliest stop,0.075,0.075,10,0.047507312395081394,-0.01094300708845992,0.12011080724492273,7,0.08969684266601102,0.03656466797795397,0.15257410609646138,8,0.023167242574389704,-0.017622195879896337,0.06220405064154393,7,0.00878048780487805
same nominal alpha,late24_28_32,shuffled_late24_28_32,by earliest stop,0.1,0.1,10,0.05865107469049363,-0.000753561960914903,0.1379723523808009,8,0.099813815641199,0.04915179738562089,0.1571411663286001,8,0.03239149830949004,-0.012391214734475787,0.07510891369315184,7,0.00878048780487805
same nominal alpha,late24_28_32,shuffled_late24_28_32,by earliest stop,0.15,0.15,10,0.05027259937973712,-0.017346646613190717,0.11770300086331624,8,0.10417477684211965,0.049318438868058555,0.15296634926001051,9,0.03325145008562257,-0.026928669744882016,0.0842404295054383,8,0.010731707317073172
same nominal alpha,late24_28_32,shuffled_late24_28_32,by earliest stop,0.2,0.2,10,0.06876802176780657,0.005620694475100847,0.13048961553351796,8,0.11381914855109584,0.055156458209546434,0.1638318326008564,8,0.052989933323255675,0.0018539539271456623,0.09591911678871276,9,0.012682926829268294
same nominal alpha,late24_28_32,shuffled_late24_28_32,by earliest stop,0.3,0.3,10,0.04450730469116408,0.006872642854515174,0.08261924755799753,8,0.10231799605247882,0.04541643196672608,0.1579569696969696,8,0.06408334405590389,0.020167404439222013,0.10413020789575074,8,0.010731707317073172
independent FPR <= 0.05 operating points,late24_28_32,shuffled_late24_28_32,by earliest stop,0.01,0.025,10,-0.011252504848093084,-0.039309857789269556,0.012740750915750883,3,0.007736471202901218,-0.019397189670539054,0.034256810344827554,6,-0.007588091317940851,-0.026723745313505593,0.012494666534189616,2,0.5902439024390244
same nominal alpha,late24_28_32,shuffled_late24_28_32,fixed horizon 13,0.01,0.01,10,0.011202494074552908,-0.009166704688285567,0.03348035539215687,6,0.016711951154547506,-0.005197490882455383,0.04159723856209149,6,0.016218306248630784,0.0007700763288998554,0.035148295625942606,6,0.2780487804878049
same nominal alpha,late24_28_32,shuffled_late24_28_32,fixed horizon 13,0.025,0.025,10,0.011446108956403073,-0.010081249999999998,0.03193441544566542,7,0.018489921527649715,-0.0027292445243510205,0.04349323660028266,5,0.01760402259448913,0.002768200843274374,0.03490229116331044,6,0.20390243902439023
same nominal alpha,late24_28_32,shuffled_late24_28_32,fixed horizon 13,0.05,0.05,10,0.02207433409886781,0.0005248595848595861,0.04466368265880461,8,0.026385881123609324,0.0035472743663818797,0.0510332795500645,7,0.01969059442923539,0.00707668257902789,0.03317762917637917,7,0.07902439024390244
same nominal alpha,late24_28_32,shuffled_late24_28_32,fixed horizon 13,0.075,0.075,10,0.03045896910757026,0.008808780570617016,0.05709640283327784,9,0.041719197041408,0.012149661037351206,0.07179047365132053,8,0.028579142730156926,0.012878316768874586,0.044555683532154104,8,0.03609756097560975
same nominal alpha,late24_28_32,shuffled_late24_28_32,fixed horizon 13,0.1,0.1,10,0.033842113537665905,0.011423853923853937,0.060530989528564824,8,0.04711755998115025,0.016759675866166737,0.07691176470588236,7,0.033289321440335626,0.016468793883601163,0.049788367313326684,8,0.024390243902439025
same nominal alpha,late24_28_32,shuffled_late24_28_32,fixed horizon 13,0.15,0.15,10,0.04400793289684969,-0.003139917842598971,0.08683283234380795,9,0.06844477090034899,0.016091209457659756,0.11859749183006517,7,0.04630923419980214,0.016323606031580163,0.07475616725322606,7,0.041951219512195125
same nominal alpha,late24_28_32,shuffled_late24_28_32,fixed horizon 13,0.2,0.2,10,0.039133930249568696,-0.027868562691891266,0.09503415519439898,8,0.06523276852364074,0.002275301015564732,0.12260588235294108,8,0.04967739203550563,0.00581855697716753,0.08980351935646051,8,0.07707317073170732
same nominal alpha,late24_28_32,shuffled_late24_28_32,fixed horizon 13,0.3,0.3,10,0.049096115947658295,-0.0016923400638895513,0.10148298708913035,8,0.06753357339452677,0.009345077891832506,0.12112481283422459,8,0.06164462674280119,-0.0011561619241512726,0.12003663796715268,7,0.05951219512195122
independent FPR <= 0.05 operating points,late24_28_32,shuffled_late24_28_32,fixed horizon 13,0.01,0.025,10,-0.003352544351073758,-0.025197811624649853,0.011485724206349204,5,-0.002708454729854321,-0.029626713381277276,0.025822834327043236,3,0.002514646543449786,-0.012321744890786475,0.020436821917095723,4,0.8360975609756097
same nominal alpha,late24_28_32,shuffled_late24_28_32,fixed horizon 25,0.01,0.01,10,0.010816153127917836,-0.010426262838468713,0.03376199112978524,6,0.01901024750548078,-0.003229248878234671,0.04431108140225788,6,0.015361558587907475,-0.0017554497459380725,0.035638723338865315,6,0.22731707317073171
same nominal alpha,late24_28_32,shuffled_late24_28_32,fixed horizon 25,0.025,0.025,10,0.015975600543247603,-0.0045114670868347355,0.03655011363636363,7,0.030753633700084014,0.005193924795623584,0.059656494816317254,8,0.02066109439219783,0.0029488465332841505,0.04272830198844421,7,0.06731707317073171
same nominal alpha,late24_28_32,shuffled_late24_28_32,fixed horizon 25,0.05,0.05,10,0.027633915769389228,-0.006173596570912744,0.058588904914529866,8,0.04276096973794743,0.010072919868051712,0.07686196895424838,6,0.02833922379986476,0.00807255882352941,0.05148320818120345,7,0.055609756097560976
same nominal alpha,late24_28_32,shuffled_late24_28_32,fixed horizon 25,0.075,0.075,10,0.03258284553402919,-0.00228949769742452,0.06379153911298725,8,0.05334049521585018,0.01061736108550002,0.09509711206896547,7,0.03400072305202122,0.006811178012375259,0.06098671596799638,7,0.04780487804878049
same nominal alpha,late24_28_32,shuffled_late24_28_32,fixed horizon 25,0.1,0.1,10,0.04778065169725858,0.007644350090368743,0.08731815048095534,8,0.0663654342614789,0.01621909703013911,0.11480527383367141,7,0.04228682828282826,0.01007878591800354,0.07317228431372545,7,0.04390243902439024
same nominal alpha,late24_28_32,shuffled_late24_28_32,fixed horizon 25,0.15,0.15,10,0.04628317747532239,-0.023889706194192367,0.1041995868951509,8,0.0768870097185513,0.016719079657289585,0.13249713235294108,8,0.046793553861809424,0.008801561159259943,0.08331178485838779,8,0.04390243902439024
same nominal alpha,late24_28_32,shuffled_late24_28_32,fixed horizon 25,0.2,0.2,10,0.06294077477599716,-0.02056587481962481,0.1342942445021103,8,0.08534659543371512,0.016787029797638322,0.1510959249868529,8,0.05219315809890655,0.006243373725763375,0.09066472037037034,8,0.045853658536585365
same nominal alpha,late24_28_32,shuffled_late24_28_32,fixed horizon 25,0.3,0.3,10,0.064467311546257,-0.017549215391754004,0.14310482866895963,8,0.08583056528776609,0.017101559125740136,0.1504435229321613,8,0.05338489451649695,-0.002503878149309198,0.0993525816993464,8,0.045853658536585365
independent FPR <= 0.05 operating points,late24_28_32,shuffled_late24_28_32,fixed horizon 25,0.01,0.025,10,0.0002005987476575724,-0.022816696375519904,0.018203095238095237,4,0.004287748683590475,-0.021144470567746425,0.033004871227487825,3,0.004626996701292847,-0.013744834746040524,0.026712862544307117,3,0.8126829268292682
same nominal alpha,late24_28_32,shuffled_late24_28_32,fixed horizon 37,0.01,0.01,10,0.011985540113481293,-0.00755942339115133,0.03448625417474669,5,0.02014015510070277,7.068822095190709e-05,0.04180731478066669,6,0.010968695562610362,-0.005562398227104116,0.030031493476234825,6,0.11414634146341464
same nominal alpha,late24_28_32,shuffled_late24_28_32,fixed horizon 37,0.025,0.025,10,0.01657134140369435,-0.006322729558023675,0.04104512015762014,5,0.03317145286536767,0.006526533847603825,0.06186901143790849,7,0.013715877596202141,-0.004086311479744539,0.034949184743936254,6,0.07121951219512195
same nominal alpha,late24_28_32,shuffled_late24_28_32,fixed horizon 37,0.05,0.05,10,0.02141584045637131,-0.016545407446053064,0.06008324685934976,7,0.042064438502673794,0.006060903149138442,0.08134511437908494,6,0.015301541731663431,-0.00739096352483776,0.03848285331731324,6,0.07902439024390244
same nominal alpha,late24_28_32,shuffled_late24_28_32,fixed horizon 37,0.075,0.075,10,0.02659514572785735,-0.0028059320919794346,0.06044404484404475,8,0.04642704530087898,0.0018650056344376937,0.09418329868154156,6,0.018003555371709525,-0.011946942535380662,0.04602245286730579,7,0.11024390243902439
same nominal alpha,late24_28_32,shuffled_late24_28_32,fixed horizon 37,0.1,0.1,10,0.040819014442436255,0.008218941164048787,0.0840290984760497,8,0.05692674923678981,0.006556313976478787,0.10876730451062344,7,0.024145624713778863,-0.009528145449063316,0.05465932259799896,7,0.07512195121951219
same nominal alpha,late24_28_32,shuffled_late24_28_32,fixed horizon 37,0.15,0.15,10,0.04448033857183786,-0.024831512445887417,0.11472302732836263,8,0.0812450167667206,0.012534112721194342,0.14405752153891857,8,0.03059340908306423,-0.024784941273792715,0.07719316728493186,8,0.04975609756097561
same nominal alpha,late24_28_32,shuffled_late24_28_32,fixed horizon 37,0.2,0.2,10,0.07223027801148316,-0.0007290355129487184,0.1487837785520712,8,0.10854088655315834,0.03794938210707481,0.17511489781178924,7,0.05940681961696158,0.008067767771459436,0.10344511069893414,8,0.024390243902439025
same nominal alpha,late24_28_32,shuffled_late24_28_32,fixed horizon 37,0.3,0.3,10,0.03772237934630331,-0.017384653429923326,0.08711412387578545,7,0.09157111445762563,0.02103283122810253,0.15906231237322505,7,0.05826608019599908,-0.00037612113681080106,0.10933543698109878,8,0.041951219512195125
independent FPR <= 0.05 operating points,late24_28_32,shuffled_late24_28_32,fixed horizon 37,0.01,0.025,10,0.0012187790967202808,-0.020638537157287154,0.019915090048840046,4,0.0017462331222980298,-0.022025968406171246,0.02646935992787919,4,-0.0008839813075107228,-0.019829106847489196,0.019982146585087734,3,0.9219512195121952
