model,alpha,eval_time,n_tasks,roc_auc_max_score_mean,roc_auc_max_score_std_task,roc_auc_max_score_ci_low,roc_auc_max_score_ci_high,realized_fpr_mean,realized_fpr_std_task,realized_fpr_ci_low,realized_fpr_ci_high,catch_rate_mean,catch_rate_std_task,catch_rate_ci_low,catch_rate_ci_high,balanced_accuracy_mean,balanced_accuracy_std_task,balanced_accuracy_ci_low,balanced_accuracy_ci_high,caught_alarm_fraction_mean,caught_alarm_fraction_std_task,caught_alarm_fraction_ci_low,caught_alarm_fraction_ci_high,effective_alarm_fraction_mean,effective_alarm_fraction_std_task,effective_alarm_fraction_ci_low,effective_alarm_fraction_ci_high,caught_lead_fraction_mean,caught_lead_fraction_std_task,caught_lead_fraction_ci_low,caught_lead_fraction_ci_high,effective_lead_fraction_mean,effective_lead_fraction_std_task,effective_lead_fraction_ci_low,effective_lead_fraction_ci_high
baseline32,0.01,by earliest stop,10,0.6810551420695801,0.08487623196174213,0.6333729769098473,0.7367495616362626,0.02761221899016016,0.03218922227427194,0.009199467787114845,0.04858143086080584,0.08093215010141988,0.06561899817564892,0.04284039215686274,0.12350726588911416,0.5266599655556299,0.027294590559365766,0.512049632294894,0.5456832498693552,0.5949742438193488,0.19616171290161905,0.45454776792712437,0.707857453836878,0.9634151670764469,0.033415780732203894,0.9424413881604689,0.9838388919479264,0.4050257561806511,0.19616171290161905,0.2929545032006896,0.5420217775605596,0.0365848329235532,0.033415780732203894,0.016215809892243353,0.05785076486735591
baseline32,0.025,by earliest stop,10,0.6810551420695801,0.08487623196174213,0.6340182659201009,0.7376326135524299,0.04667706142494521,0.0564809875983499,0.015216048851216529,0.08360358767647144,0.11415307435408854,0.0795729958159103,0.0673288217878583,0.16584759358288767,0.5337380064645716,0.031463083395430726,0.5161234859731912,0.555303622234552,0.5779960497999554,0.18300447100948644,0.44994876239492965,0.6848038892509076,0.9476556554285661,0.044656104973477995,0.9191684910910813,0.9744112039109819,0.42200395020004455,0.1830044710094864,0.3155211750003973,0.5525123883600705,0.05234434457143391,0.04465610497347801,0.025997417234028593,0.0806797018066737
baseline32,0.05,by earliest stop,10,0.6810551420695801,0.08487623196174213,0.6333872720453426,0.737231005884275,0.07122412563524472,0.07751972242578445,0.027466282497989814,0.12166085631250616,0.1629043938369496,0.10994598008369116,0.09918072638146168,0.23461380936648424,0.5458401341008525,0.039395366735348436,0.5231284023052394,0.5722471409472879,0.5401748646921305,0.1701158714187781,0.422676746692624,0.6406415822679716,0.923228760519241,0.05944547173529028,0.8849205820200258,0.9583485713308398,0.4598251353078695,0.1701158714187781,0.3591037116742709,0.5776220314607432,0.07677123948075903,0.05944547173529027,0.041506428544249144,0.11439491663366566
baseline32,0.075,by earliest stop,10,0.6810551420695801,0.08487623196174213,0.6331152289307695,0.7368226833319721,0.09842150065779906,0.10504786239487689,0.03810462208523183,0.16780096656611337,0.20918926690843526,0.13752860719638646,0.12782892973856208,0.29749294130452597,0.5553838831253181,0.04519252537019558,0.5288040414576574,0.5844751134240167,0.5155963212367968,0.1540117913659739,0.4078907522890786,0.6076545910270501,0.8991674663311308,0.07194666188684334,0.8544228671379933,0.9419626421354366,0.4844036787632032,0.1540117913659739,0.3923441515818843,0.593023290909351,0.10083253366886913,0.07194666188684334,0.058170802797750616,0.1459503710376801
baseline32,0.1,by earliest stop,10,0.6810551420695801,0.08487623196174213,0.6339398430026824,0.7381745648904942,0.12630618992437498,0.13345903315789717,0.04953696851629958,0.21488748518638218,0.25119657323744543,0.16020625866953206,0.15611623885918002,0.3535440789231052,0.5624451916565352,0.04850099124217148,0.5334470732145643,0.5939637005961366,0.5175916243877413,0.1650835228618225,0.40311138792808504,0.6171099305872273,0.8764672373315765,0.08568649913916838,0.8217994175326095,0.9275623099361252,0.4824083756122588,0.16508352286182248,0.38222109014306765,0.5966332094394992,0.12353276266842347,0.0856864991391684,0.07289100972849957,0.1777013062792532
baseline32,0.15,by earliest stop,10,0.6810551420695801,0.08487623196174213,0.6326666100347115,0.7369314737932792,0.20375497726010638,0.22260119366947256,0.07875938710848772,0.3518255644559688,0.3453014250005122,0.20687098391582556,0.22176228532792425,0.47740633441412084,0.570773223870203,0.05701148841513099,0.5358314092150824,0.60588542146987,0.5170130811987779,0.15507853465644342,0.40958734055993623,0.6073547977218807,0.8364861611631602,0.10730221918705472,0.7685290794252495,0.8992434731277795,0.48298691880122213,0.1550785346564434,0.3913837410422555,0.5953044768511452,0.16351383883683981,0.10730221918705475,0.09995749630928495,0.2322464041010087
baseline32,0.2,by earliest stop,10,0.6810551420695801,0.08487623196174213,0.6330178758691472,0.7381803746778832,0.2679859202092344,0.27455630697954325,0.1106058548497573,0.446999609546758,0.42132504183143127,0.23887660080790746,0.27478763015551044,0.572180315895602,0.5766695608110984,0.06152745618438256,0.5384230381733465,0.6146539281250641,0.46254129552651213,0.1556376650082585,0.36053213930271155,0.5513354149260745,0.7843007267539434,0.13648711799584556,0.6960058449234715,0.8658223091267641,0.5374587044734879,0.1556376650082585,0.44743277104804424,0.6400017148625421,0.21569927324605653,0.13648711799584556,0.13421296647154773,0.30213563811597427
baseline32,0.3,by earliest stop,10,0.6810551420695801,0.08487623196174213,0.633100856887166,0.738210742525589,0.3679601237635312,0.32572688939989963,0.17510477626878537,0.5775941535262121,0.5408897634219134,0.25834498118566396,0.3844279006768155,0.701382216459729,0.5864648198291912,0.06524805665108308,0.5474361020554073,0.6277409941993883,0.4937832535194343,0.119005392774977,0.42365492725929005,0.5719001736316207,0.6958368956251497,0.17530616763253337,0.5837992090465487,0.8007898970921993,0.5062167464805656,0.119005392774977,0.42909485145264037,0.5750107914939082,0.3041631043748504,0.17530616763253337,0.19732007151344608,0.41713281578721106
baseline32,0.01,fixed horizon 13,10,0.5691510064788395,0.08052968850895423,0.5219097103057823,0.6211893506387683,0.03240435071464483,0.047443445493665484,0.0050162698412698405,0.06448666056166055,0.05706637777368,0.05476772627010222,0.025118300653594765,0.09212641936607453,0.5123310135295175,0.014205088037650195,0.5037011808350962,0.5212877005347594,0.38554502413772895,0.17024367803594803,0.26141593402590996,0.4948418696687921,0.9602022181559707,0.041929296016820994,0.9325853408677192,0.9844712235476942,0.614454975862271,0.17024367803594806,0.5045476624824451,0.7391913446385382,0.039797781844029295,0.041929296016820994,0.015558119658119655,0.06715909638198174
baseline32,0.025,fixed horizon 13,10,0.5691510064788395,0.08052968850895423,0.5228135599501886,0.621807422195733,0.05176042904966864,0.07298883447635234,0.006993650793650792,0.10107263772175532,0.07910677566742474,0.07995285297896283,0.03294751782531194,0.13142204806687566,0.513673173308878,0.013477415913669393,0.5054983989460656,0.5222219320687599,0.3829134482190776,0.1326818371674343,0.2891898588413011,0.47174256427728645,0.9449133113787271,0.06019368354287805,0.9050704513637702,0.9793680995475113,0.6170865517809224,0.1326818371674343,0.5282046651715314,0.7123279314835805,0.055086688621272785,0.06019368354287805,0.02031274544477383,0.09439343650461544
baseline32,0.05,fixed horizon 13,10,0.5691510064788395,0.08052968850895423,0.5227153714932482,0.620684930025586,0.07072255007068493,0.08995948454758923,0.01822876451800232,0.13029513936406312,0.10917228778658798,0.09795919369998789,0.05263308006535947,0.17224574843260176,0.5192248688579515,0.014692714067460035,0.5102183206224978,0.5283435737866201,0.3742220172783757,0.09559342544601301,0.31022341568830863,0.43461889049702196,0.9232045911604734,0.0755301039143558,0.87395591006216,0.9668457476347182,0.6257779827216243,0.095593425446013,0.5648402838549269,0.689727481891519,0.07679540883952649,0.07553010391435579,0.03367102815485168,0.12578573060926002
baseline32,0.075,fixed horizon 13,10,0.5691510064788395,0.08052968850895423,0.5221865485998255,0.6207042675034785,0.09502661204569382,0.11481869930870127,0.03152637064832186,0.17179422667440947,0.13651667486221236,0.111738834064572,0.07212624925727866,0.20933575929169992,0.5207450314082593,0.014541816369389391,0.5117766113282951,0.5295111641712188,0.36643411498827433,0.09603780194231766,0.3017128278319704,0.42599628934415107,0.903594031909042,0.08768124234878452,0.8451202096247228,0.953820060331825,0.6335658850117256,0.09603780194231765,0.573065207384651,0.698168936112128,0.09640596809095792,0.08768124234878451,0.04607335881438822,0.15513141920058737
baseline32,0.1,fixed horizon 13,10,0.5691510064788395,0.08052968850895423,0.5221722582172652,0.621900646225028,0.11729443183151933,0.13821716249238436,0.0393630467571644,0.20813539206927284,0.16528555330178046,0.12221676945269158,0.09416875,0.24456018002028393,0.5239955607351304,0.019459856400071078,0.5119641243192842,0.5358563384317142,0.36453187171588236,0.10716520767308804,0.2941540533109692,0.4306272532990637,0.8834016020715817,0.09913908517346376,0.8165216437664207,0.9397556755907491,0.6354681282841175,0.10716520767308803,0.5689502255265758,0.706630698262168,0.1165983979284182,0.09913908517346377,0.06086035633484161,0.18148064164621705
baseline32,0.15,fixed horizon 13,10,0.5691510064788395,0.08052968850895423,0.5225489931174787,0.6215727736122559,0.17798170168345923,0.18772126417016904,0.07223308128186176,0.3028779627235509,0.23972709584007754,0.158714192723506,0.14847004629629626,0.3446776960784311,0.5308726970783091,0.03323086718483756,0.5111090262408218,0.5521374558366041,0.3401479792665748,0.1385223633970102,0.25182224245646556,0.422018848102787,0.8421006730329246,0.10494360769403101,0.7756307192353135,0.9044632956259424,0.6598520207334252,0.1385223633970102,0.5765207299923135,0.7480851586826535,0.15789932696707545,0.10494360769403098,0.09661845083565669,0.22397449153008736
baseline32,0.2,fixed horizon 13,10,0.5691510064788395,0.08052968850895423,0.52249684349451,0.6212047429727134,0.22947668733705315,0.23860521087306794,0.09104436056321726,0.39040218233494134,0.3024675630544798,0.1864231424265995,0.19412816135492858,0.42615819306144603,0.5364954378587135,0.0505806996539896,0.5063824969399823,0.5686885438756224,0.3348295657695429,0.11245755793620886,0.2638620060316984,0.40221876926847006,0.7934564125154389,0.12753717536540254,0.7128175379142493,0.8692418887213005,0.6651704342304571,0.11245755793620885,0.5982593069286903,0.7365528271184388,0.2065435874845611,0.12753717536540254,0.1312840535444947,0.287770310236867
baseline32,0.3,fixed horizon 13,10,0.5691510064788395,0.08052968850895423,0.5219837218149591,0.6205146716897163,0.3377177049994481,0.29374740162230284,0.16818069105691053,0.5302242130498225,0.42578256500092204,0.22509780623133616,0.29221873867990245,0.5697063656084168,0.544032430000737,0.0655699277360374,0.5050655566004564,0.5859642117076918,0.27830180028186546,0.09629411540478706,0.21636246210092297,0.3342144092836853,0.6833880208702723,0.1608922245203878,0.5856354099289823,0.7838405051844707,0.7216981997181345,0.09629411540478709,0.6658933445472132,0.7846049594035812,0.3166119791297276,0.1608922245203878,0.21864394482151836,0.4166346579975129
baseline32,0.01,fixed horizon 25,10,0.6229111325996701,0.0950740481615377,0.5699624240865625,0.6860552813269678,0.029317776341305744,0.04241479931105359,0.005768253968253967,0.057736579760109166,0.04606841436679164,0.048453981912763566,0.018073897058823524,0.0778539420574917,0.508375319012743,0.011763999880681357,0.5012317426650147,0.5157776054517941,0.22846624830796908,0.12254408601101313,0.1422316846546311,0.3093921229113596,0.9633985862273855,0.040173268041765124,0.9368426297457333,0.9860108416221032,0.7715337516920309,0.12254408601101316,0.6900364051893273,0.8577683153453689,0.03660141377261457,0.04017326804176513,0.01358041301247771,0.06326222745302916
baseline32,0.025,fixed horizon 25,10,0.6229111325996701,0.0950740481615377,0.5705616980674634,0.6860549401578813,0.046416345343640884,0.06401213660298985,0.008057955139372821,0.09006762739492294,0.0680839018993177,0.0722307584721704,0.026617606209150314,0.11553542486221234,0.5108337782778385,0.013409090773598165,0.5032279451630695,0.5198771906948192,0.3182584990321883,0.21474304092870636,0.19699703962730658,0.4719370882266506,0.947795851578667,0.05775014293051792,0.9093572099627104,0.9809421062091503,0.6817415009678117,0.21474304092870636,0.5280449915008477,0.80370880634517,0.05220414842133299,0.05775014293051792,0.018732732026143777,0.09022893507078893
baseline32,0.05,fixed horizon 25,10,0.6229111325996701,0.0950740481615377,0.5709040232110694,0.687197673014782,0.0641244328563195,0.08136954406823775,0.0162,0.11746344578872822,0.10217802979080867,0.10042735536441204,0.044743725490196076,0.16843906611756507,0.5190267984672445,0.01929220041297383,0.5083409349590853,0.5322358748534234,0.34854405611494693,0.20479908689777757,0.23689682840827297,0.49611947444138516,0.9270875794045935,0.0718316244871879,0.8802559070696827,0.9682782666666666,0.6514559438850532,0.20479908689777762,0.500987363905362,0.7614951620474147,0.07291242059540638,0.07183162448718788,0.031885208080808074,0.11941068849857593
baseline32,0.075,fixed horizon 25,10,0.6229111325996701,0.0950740481615377,0.570172277168252,0.6865311685796744,0.08249238773740207,0.09877958403547052,0.025600537891986064,0.14790681159267954,0.13477959104226853,0.11487914490361349,0.07010784313725489,0.21104414838035526,0.5261436016524332,0.01849248778746258,0.5149616154981788,0.5376681309647938,0.3180284045417552,0.09781263266386356,0.253033221296596,0.3824745062898777,0.9060059077591329,0.08062415858412106,0.8540183403610138,0.9527255326797386,0.6819715954582448,0.09781263266386356,0.6190991493295067,0.7455531665954471,0.09399409224086706,0.08062415858412106,0.0464905096912328,0.14806936259143152
baseline32,0.1,fixed horizon 25,10,0.6229111325996701,0.0950740481615377,0.5699955523938334,0.6873535770183905,0.10657162314411237,0.12105125217051968,0.03874808767282852,0.18675143173421507,0.16291158030610364,0.1313182973001529,0.08891781045751632,0.2501284134447926,0.5281699785809957,0.01853315876548362,0.5167040588021454,0.5395053727257718,0.32144450972347005,0.10056034253169718,0.2555050826175494,0.3864679177212633,0.8882982098879258,0.09096702892496492,0.8286078837513061,0.9402371977124182,0.6785554902765298,0.10056034253169717,0.6135257211198551,0.7455823435982727,0.11170179011207407,0.09096702892496492,0.05899339542483657,0.17182074422214022
baseline32,0.15,fixed horizon 25,10,0.6229111325996701,0.0950740481615377,0.5696081443586839,0.6855530432051608,0.15743880388701048,0.16119663652473273,0.06791337767923132,0.26593829004328995,0.22663939906161001,0.16467301162059647,0.13472319275411312,0.33693275298625164,0.5346002975872998,0.025706181388749957,0.5181665298227549,0.5499994289574804,0.3769790304813003,0.1115121627583929,0.30311062505357655,0.4464615474749484,0.8542515081033459,0.10861429497485105,0.7845535137685167,0.9173380310457515,0.6230209695186997,0.1115121627583929,0.552675778563571,0.6995745045514632,0.14574849189665412,0.10861429497485105,0.08274161111111107,0.21558946492101524
baseline32,0.2,fixed horizon 25,10,0.6229111325996701,0.0950740481615377,0.5703505750807472,0.6879928342245989,0.21701893118439028,0.21528065328663282,0.0990409257358495,0.36496229729012813,0.29768766672813324,0.19775353402348167,0.18640819592988708,0.4292035089741225,0.5403343677718715,0.03762661416119434,0.5180655094472381,0.564291972057692,0.36993245433849103,0.11046457800484619,0.30224795119734565,0.43915145126210703,0.8089720265808866,0.13092827656523068,0.7248252533673448,0.885570440087146,0.630067545661509,0.1104645780048462,0.5620671308454424,0.6981798328436968,0.19102797341911334,0.13092827656523065,0.11443566906318078,0.2769066591779866
baseline32,0.3,fixed horizon 25,10,0.6229111325996701,0.0950740481615377,0.569355227146867,0.6865897208853237,0.32256858907870384,0.26225165190295385,0.17146213120213116,0.49770380940198006,0.420992123056119,0.22076753743323455,0.2889016830065359,0.5595224419652918,0.5492117669887076,0.062209989874213244,0.5131575890464282,0.590467069807024,0.36369437388226117,0.10308906717212098,0.3017075302588512,0.429694878329066,0.7251643455105483,0.1606905045790686,0.6230935631005797,0.8207170370370369,0.6363056261177389,0.10308906717212098,0.5700934686911968,0.6982214368981611,0.27483565448945163,0.1606905045790686,0.17817076608819774,0.37731624545147213
baseline32,0.01,fixed horizon 37,10,0.65615258896796,0.09360316825487681,0.6024501616030883,0.7176250639968723,0.026923778998778996,0.037555063923996955,0.006456934523809523,0.05261360882173379,0.05354715614563484,0.05173051162512393,0.023331200980392153,0.08743628644456736,0.5133116885734278,0.018703232271836012,0.503207654794566,0.5262345658164098,0.4338639430306097,0.2581769457292811,0.26877971287693514,0.6045815368245921,0.966702637775153,0.03730545677619139,0.9423537914574173,0.9876560678325385,0.5661360569693903,0.2581769457292812,0.39712381138075575,0.7284195687459573,0.03329736222484699,0.03730545677619138,0.012268936684010205,0.05772804874993003
baseline32,0.025,fixed horizon 37,10,0.65615258896796,0.09360316825487681,0.6029861691552236,0.7190555103327712,0.04329438707315321,0.056667253806282875,0.011316103026576482,0.08078188410823986,0.07770919028008276,0.07675608485541138,0.03468330685147622,0.12830248632368307,0.5172074016034649,0.022197747717017078,0.5061406269943659,0.5326973789025884,0.44287368281333667,0.23258420952655234,0.2956329536814316,0.5960137479568929,0.9513209412528886,0.05481877801643556,0.9149441333840295,0.9820934174816527,0.5571263171866634,0.23258420952655237,0.4034544715809802,0.706934674292557,0.04867905874711147,0.05481877801643555,0.01745178654590418,0.08468801435840223
baseline32,0.05,fixed horizon 37,10,0.65615258896796,0.09360316825487681,0.6012569768480311,0.7175551160667735,0.06265010979376115,0.07221626113854113,0.021966017823639772,0.11056873691080552,0.11299780666707644,0.10143828715268986,0.05738699346405227,0.1804217716464851,0.5251738484366577,0.026949691576764138,0.5115157501129644,0.543996532706996,0.44571162925045926,0.21656755325695073,0.3042471364299803,0.5863527359548246,0.9310188406736074,0.06706210216828272,0.8870270497641287,0.9697037572866983,0.5542883707495406,0.21656755325695073,0.41258804269810767,0.6950476545586256,0.06898115932639257,0.06706210216828272,0.03028034799505385,0.11285511720737883
baseline32,0.075,fixed horizon 37,10,0.65615258896796,0.09360316825487681,0.6011859505733516,0.7175011676354691,0.08147195571844065,0.08741561328002778,0.031194588216661386,0.13882881933943628,0.1493335955907964,0.12477093025126801,0.08143267973856208,0.2334744788145142,0.5339308199361779,0.030441660911576275,0.5179166134574266,0.5548402356267239,0.4493403453564009,0.18588104748999884,0.326549666093083,0.5660945236470103,0.9115178537194764,0.07822928687547143,0.8611879147582949,0.9570099609167989,0.550659654643599,0.18588104748999884,0.4331758013098055,0.6742622690892612,0.08848214628052355,0.0782292868754714,0.04376740890623241,0.13952208239956718
baseline32,0.1,fixed horizon 37,10,0.65615258896796,0.09360316825487681,0.6009560918395987,0.7174108030217363,0.10078300620549545,0.1058844650441069,0.04066178397990897,0.17020735042735036,0.17863480955600633,0.13988311526169278,0.1026753839869281,0.27224608970024794,0.5389259016752556,0.030341873397997,0.5213442943750027,0.559037475596299,0.44083588483075914,0.17625104545682005,0.3218166916639226,0.5495533732781157,0.893765053307041,0.08952251226254813,0.8361663063478377,0.945725,0.5591641151692408,0.17625104545682005,0.4504459881642532,0.6791827785776705,0.10623494669295883,0.0895225122625481,0.0540862745098039,0.16461279142640692
baseline32,0.15,fixed horizon 37,10,0.65615258896796,0.09360316825487681,0.6019998811271728,0.7171628746379336,0.1462452781834776,0.13370858184761736,0.07058400905327733,0.23553510705220165,0.25220226401950535,0.1571901185044058,0.1621758141762452,0.35525695361321097,0.5529784929180139,0.03723497738185253,0.5299270092637687,0.5755553733031673,0.4670080004720347,0.14921473964587473,0.36541940735966666,0.5604220479540812,0.8625998630291735,0.09381244175198444,0.8023610109690181,0.9173646018812928,0.5329919995279653,0.14921473964587473,0.4404878535056416,0.6360530422999175,0.1374001369708266,0.09381244175198444,0.08276454657035788,0.19658212246914059
baseline32,0.2,fixed horizon 37,10,0.65615258896796,0.09360316825487681,0.6020777397772481,0.7179550956605965,0.20215647561827618,0.17554695975381507,0.10281511544011541,0.31554511103036925,0.33512636404614093,0.18361061498594786,0.22879223292765383,0.4557237451851167,0.5664849442139324,0.04528853513058856,0.5380850122562405,0.5948517769104066,0.4806996963059723,0.15254423315022483,0.3858269685229025,0.5742683359711691,0.8140283944556763,0.11305031213150946,0.7415522851525692,0.8796063135528576,0.5193003036940278,0.15254423315022483,0.42749169569142814,0.6147054197107555,0.18597160554432357,0.11305031213150946,0.11795323558852967,0.2570544565771746
baseline32,0.3,fixed horizon 37,10,0.65615258896796,0.09360316825487681,0.6008940228790147,0.7181478192319664,0.3361468596404392,0.2610130981961591,0.1833556278376095,0.5080435325490705,0.49756411887639074,0.2099183856126503,0.36734642676767676,0.6270920671727416,0.5807086296179758,0.062024309498268995,0.5454387708970423,0.6222230965105578,0.48041328303212927,0.14273556662157513,0.3935251667814187,0.5712295824551584,0.720626216867799,0.15746003494040176,0.6197464279679366,0.8139435539817892,0.5195867169678707,0.1427355666215751,0.4281065569282122,0.6062075876888218,0.2793737831322009,0.15746003494040173,0.18569646015437338,0.38199166922708244
late24_28_32,0.01,by earliest stop,10,0.7034165790949304,0.09321476114475101,0.6481991480889558,0.7635082071190604,0.03608083207642031,0.056290967842168166,0.008267156862745099,0.07559999999999999,0.09018963878132233,0.08013602907143429,0.04491049168152108,0.14397946057942507,0.527054403352451,0.022938579901490952,0.5150478558797523,0.5432438382129335,0.5712653400570935,0.2276381926293035,0.4140348503785931,0.7083698942483553,0.9573349040041454,0.045994974521364994,0.9265069079241266,0.9832166747522896,0.42873465994290644,0.22763819262930354,0.291732867233962,0.5858893018322032,0.04266509599585451,0.04599497452136497,0.0170401147806259,0.0736997001889429
late24_28_32,0.025,by earliest stop,10,0.7034165790949304,0.09321476114475101,0.6489890174455945,0.7634425830770536,0.058134087481146304,0.08561060886697519,0.011916993464052287,0.11848504901960773,0.12961127911979836,0.11715009244987713,0.06518457739156266,0.21117115167906242,0.535738595819326,0.02739388115251101,0.5197722197192316,0.5536673540552582,0.5678805654296611,0.20093747180340554,0.4274574415703632,0.6870742772166782,0.9410317876994885,0.05875431936022513,0.9018277508291916,0.9741011237728605,0.4321194345703388,0.20093747180340554,0.31036301945418576,0.5689339745303212,0.05896821230051151,0.05875431936022513,0.026470801452784413,0.09893057415930248
late24_28_32,0.05,by earliest stop,10,0.7034165790949304,0.09321476114475101,0.6473267167144968,0.7627031714546477,0.10053038317891258,0.1429815356738201,0.024818376068376065,0.1980676847662142,0.20202350687401394,0.1624432795688277,0.1118491339869281,0.3107129462474644,0.5507465618475507,0.0324684121032192,0.5301165637205368,0.5702557883986927,0.5594942494774872,0.12387693395201625,0.4791479056777679,0.6395779005356119,0.9055194878616213,0.08368561192964312,0.8485656188181193,0.9516844689375742,0.4405057505225128,0.1238769339520163,0.3599265073764052,0.5218301837143484,0.09448051213837869,0.0836856119296431,0.04785424699759328,0.1512149224536415
late24_28_32,0.075,by earliest stop,10,0.7034165790949304,0.09321476114475101,0.6481452955240987,0.7628671826555927,0.14089207093719286,0.18300637992565935,0.04413577496351887,0.2651526064653502,0.26660993300141367,0.189564235077391,0.15661111111111112,0.39310152795705516,0.5628589310321105,0.04348406982219526,0.5358083257459839,0.5890807653041121,0.5392953489090356,0.12054167435376104,0.4580025686392359,0.6144854789231868,0.8697100748566383,0.09892106409343716,0.8048430778143373,0.9265184651899847,0.4607046510909643,0.12054167435376101,0.38518178519107893,0.5421044594772222,0.13028992514336168,0.09892106409343716,0.07417138308335285,0.19505808717061016
late24_28_32,0.1,by earliest stop,10,0.7034165790949304,0.09321476114475101,0.6484827189558923,0.7626276238783862,0.17630724573131315,0.2097179257244835,0.06287665717412667,0.31493256302521005,0.31512567049808426,0.20826002618112863,0.19218888888888888,0.4508037750732477,0.5694092123833856,0.04722067568954545,0.5398862226327312,0.5983678809886023,0.5085316718476749,0.10578796952173214,0.4368819645607551,0.5742779611346396,0.8377650595769115,0.11452931704094664,0.7625880567614581,0.9046060952910407,0.491468328152325,0.10578796952173217,0.42537568949325516,0.5627947454779982,0.16223494042308845,0.11452931704094661,0.09602702285520466,0.23546392520077072
late24_28_32,0.15,by earliest stop,10,0.7034165790949304,0.09321476114475101,0.649067962173598,0.7643330072381451,0.23929584968275788,0.2723782463992374,0.0887305377643837,0.42696417366946704,0.4054791891190471,0.25312609313889123,0.25645187611408204,0.5683478127539763,0.5830916697181446,0.05444402182355495,0.5495479221108546,0.6165494196734803,0.4757906682949275,0.17433725848801407,0.35411255987210716,0.5650853261816062,0.7944262820179512,0.14044614531718302,0.7015477623860027,0.8741340236051418,0.5242093317050724,0.17433725848801407,0.4354972420273706,0.6469615354348947,0.20557371798204876,0.14044614531718302,0.12594775249292836,0.2975924962539775
late24_28_32,0.2,by earliest stop,10,0.7034165790949304,0.09321476114475101,0.6491140275031033,0.7639336598117661,0.30369587262331166,0.31001052927993095,0.1292212515279436,0.5051416675465454,0.4752492415705397,0.27424209389735593,0.3077404431570608,0.6419544581207614,0.5857766844736141,0.06698603001495569,0.545228684100485,0.6283714601013191,0.44795184071458066,0.15444201690292717,0.3429197312181994,0.5318078692109888,0.7389476187234871,0.17166989792208528,0.6295308038936334,0.8397434422318206,0.5520481592854194,0.1544420169029272,0.4661566020276986,0.6562531916554385,0.2610523812765128,0.17166989792208526,0.16008966084531767,0.3728139289175446
late24_28_32,0.3,by earliest stop,10,0.7034165790949304,0.09321476114475101,0.6487059364272928,0.7635269250315608,0.40186686141851136,0.34010100431146706,0.19969612971119427,0.6170277892042597,0.5981907229837249,0.27538096828628184,0.4207947866426264,0.7627451892146618,0.5981619307826068,0.08225761475745737,0.5492526483737499,0.6507365375188536,0.4010347912834115,0.10620821280818366,0.33267054072352475,0.46307514319495025,0.6318378583195338,0.20221020380595778,0.5039001207687374,0.7537320541639158,0.5989652087165884,0.10620821280818368,0.5357048682466969,0.667686268005536,0.3681621416804662,0.20221020380595778,0.24660304171264724,0.49671708907796935
late24_28_32,0.01,fixed horizon 13,10,0.5815382205454303,0.07221754943443078,0.5380132461688076,0.6276555944291531,0.04069032356532356,0.06464653902539592,0.011507936507936505,0.0869387858669108,0.06691544655479746,0.06617214264644623,0.03127929590017825,0.1112854216608273,0.513112561494737,0.01005416560975769,0.5070276284148717,0.5193851972821522,0.39180589539689586,0.13564780143564023,0.30162718189301896,0.47789479223642106,0.9531647217218211,0.05009981229333155,0.9194188816783848,0.9796106933017963,0.6081941046031041,0.13564780143564023,0.5228483572039379,0.698466354512106,0.04683527827817886,0.050099812293331526,0.019703563462681095,0.08099284749507871
late24_28_32,0.025,fixed horizon 13,10,0.5815382205454303,0.07221754943443078,0.5393892824401724,0.6281322527566487,0.0554889768728004,0.07845454889193507,0.018779404627235506,0.11052080693815984,0.08811382281230151,0.07963613429827221,0.04467205510992275,0.14148483516708668,0.5163124229697506,0.011365620755164419,0.5093993323004892,0.5233386340808026,0.3640591954843553,0.1351709329790765,0.2717370690107573,0.44840727685624615,0.9380753456707819,0.0608922086081664,0.8965972548467984,0.9702855279034691,0.6359408045156447,0.1351709329790765,0.5518215457451883,0.723444142433436,0.06192465432921821,0.06089220860816637,0.02964590223501986,0.10447535360430638
late24_28_32,0.05,fixed horizon 13,10,0.5815382205454303,0.07221754943443078,0.5385663379262122,0.6281871316183335,0.08734637325849663,0.10081300927429135,0.034264583333333334,0.15728282079091796,0.129070716290696,0.0947617881171328,0.07644290775401069,0.19348480722539796,0.5208621715160996,0.01314458536645774,0.5124666426021359,0.5286283041832629,0.3553178144052812,0.09380192422088887,0.2942884827990186,0.41637097177688853,0.9107851729181343,0.07286094013614111,0.861550130311147,0.9500399204716852,0.6446821855947189,0.09380192422088884,0.5850763695803688,0.7073450015292311,0.0892148270818656,0.07286094013614111,0.04936414581333698,0.13848758574392697
late24_28_32,0.075,fixed horizon 13,10,0.5815382205454303,0.07221754943443078,0.5383880330284997,0.6275646758376286,0.11619734831165965,0.1205929368039782,0.0485454926002182,0.19733409760174464,0.17034972442477514,0.1090868018016193,0.10675894607843138,0.2414542720562624,0.5270761880565578,0.02027650850421464,0.5146820032493711,0.5396013317258721,0.3468412968544424,0.09016775681740134,0.28833307626698246,0.4050705821623418,0.8819896538327573,0.08748142447571176,0.8238598744741847,0.9312175276520864,0.6531587031455575,0.09016775681740134,0.5949795187860176,0.7122442751560376,0.11801034616724271,0.08748142447571176,0.07000661221947985,0.17651422967386454
late24_28_32,0.1,fixed horizon 13,10,0.5815382205454303,0.07221754943443078,0.5386093805333767,0.6284899384196228,0.14152909872289351,0.1393712859738293,0.06250617516629711,0.23437346996141104,0.1991333189911283,0.12289881211347309,0.12751633986928104,0.2799039379597189,0.5288021101341174,0.024421125394096445,0.5141498340365181,0.5445147362819709,0.33759465779007397,0.09872472446969494,0.27314618288959774,0.40159237879423926,0.8598819539599457,0.09917139473638317,0.7933260684213803,0.915262358597285,0.662405342209926,0.09872472446969492,0.5991998205779878,0.7278602073231093,0.14011804604005412,0.09917139473638313,0.0850059144042232,0.20620209206868176
late24_28_32,0.15,fixed horizon 13,10,0.5815382205454303,0.07221754943443078,0.5385856913215812,0.6278862961142158,0.19572958665358237,0.16569475275946524,0.10103896605685879,0.302551530854766,0.27163765819110647,0.13892944274919333,0.1866400224609175,0.35877278592210093,0.537954035768762,0.03677467741983211,0.5166070993095311,0.5622567876131643,0.3254766043191143,0.10072932187898308,0.2625221831396482,0.3863074359212525,0.8136245702986068,0.10445196234288263,0.7476486840435876,0.875565367113823,0.6745233956808856,0.10072932187898308,0.6142495633921596,0.7386779169499327,0.18637542970139317,0.10445196234288263,0.12369524146060909,0.25471813370284185
late24_28_32,0.2,fixed horizon 13,10,0.5815382205454303,0.07221754943443078,0.539030341870972,0.6281728223572205,0.24638430767781555,0.1954803677564549,0.13002319015115285,0.37484179521827193,0.3318847429671973,0.1542320779794813,0.23614279783125372,0.4266392290040362,0.5427502176446909,0.045661943136879005,0.5167499412074019,0.5727062390692462,0.30216271251164833,0.09673262213290186,0.2410432296353289,0.3605439557994843,0.7614832246372815,0.12066438827377977,0.6843487002041793,0.8346428578583724,0.6978372874883517,0.09673262213290183,0.6401959247888166,0.7593625351851893,0.23851677536271856,0.12066438827377977,0.16600925415346054,0.31500386304730876
late24_28_32,0.3,fixed horizon 13,10,0.5815382205454303,0.07221754943443078,0.5386095659153824,0.6280260518068251,0.36363198710662836,0.2550512201211046,0.2131486359981482,0.527748682518462,0.4587978698410747,0.19882423745884645,0.33824256582901363,0.5801259080664659,0.5475829413672231,0.0573669694299541,0.5153310297315091,0.5857977481196558,0.26193757911752363,0.08049307052112212,0.2108616583583989,0.31078359419461815,0.6538524250146969,0.14498835587608663,0.5667844903237398,0.7443497512179054,0.7380624208824764,0.08049307052112208,0.6893489751241658,0.789499140500194,0.34614757498530324,0.1449883558760866,0.25568610916072876,0.432909973309314
late24_28_32,0.01,fixed horizon 25,10,0.6267717390950949,0.1056613044970974,0.5657388796027051,0.697030032258445,0.03861075558428499,0.06074379616948071,0.011042471988795518,0.08183384498671263,0.06436320199971315,0.06309781072860039,0.029493466869506418,0.10663903605015672,0.5128762232077141,0.010192063876514099,0.5066808323240879,0.5191240844123197,0.2970329594017094,0.13819711718305824,0.20683319768772893,0.39867448107448106,0.951698551560227,0.05248881153564193,0.9160732780912574,0.9799695763517529,0.7029670405982906,0.13819711718305827,0.6005741758241758,0.7911263314636748,0.04830144843977298,0.05248881153564192,0.019919964497920366,0.08434439863134385
late24_28_32,0.025,fixed horizon 25,10,0.6267717390950949,0.1056613044970974,0.5660234340494573,0.6963980933886376,0.05438575737987502,0.06980349155418525,0.02041050061050061,0.10374422502334256,0.09082908701620669,0.07511057528744781,0.048078022875816986,0.14087118702235335,0.5182216648181658,0.012568657930193548,0.5104532542829043,0.5259599870391046,0.3372852516566914,0.15529829626991704,0.2426085863575751,0.4437886629710158,0.9356644538693221,0.060855865273197814,0.8938104822259102,0.968977959893048,0.6627147483433087,0.15529829626991704,0.5572362697393474,0.7583726361417712,0.06433554613067796,0.060855865273197814,0.030611478906714194,0.1057913566906385
late24_28_32,0.05,fixed horizon 25,10,0.6267717390950949,0.1056613044970974,0.5664542049226973,0.6966457689430318,0.08924640190034737,0.09157442454292157,0.038699194734804494,0.15053522121669163,0.13982745917593786,0.09047681125926936,0.08578787581699346,0.19824328067695207,0.5252905286377954,0.013622729998568875,0.5163544952754991,0.5333102431392138,0.3142348249687282,0.09672813164995527,0.2590427176220749,0.38453715387464343,0.9042462243530641,0.07130808548012384,0.856063551668818,0.9438543516339869,0.6857651750312718,0.09672813164995527,0.6152802864873828,0.7411391862514033,0.09575377564693585,0.07130808548012382,0.05567391143790847,0.1437157295316245
late24_28_32,0.075,fixed horizon 25,10,0.6267717390950949,0.1056613044970974,0.5661201348752668,0.6965321719105859,0.12147195293149382,0.11082642169556328,0.05660060359694507,0.19372964964654343,0.1844920472473211,0.10557799836399548,0.12035698106828939,0.24977839085581985,0.5315100471579136,0.018583858124704557,0.5198204267724139,0.5426541891696595,0.3350581902908127,0.09990689315221966,0.27552157563223345,0.40503111283251125,0.8761838081832524,0.07940131352815326,0.8237070321080991,0.9233104177956032,0.6649418097091873,0.09990689315221965,0.5939467386760364,0.7250507000708278,0.12381619181674756,0.07940131352815327,0.07724986928104573,0.17678976448767586
late24_28_32,0.1,fixed horizon 25,10,0.6267717390950949,0.1056613044970974,0.5659465744269326,0.6961808076496674,0.1576894221990348,0.1372526197262541,0.07735874423679301,0.2467098786905744,0.22401477042227552,0.12490985843051165,0.14614005549921116,0.3015501387352223,0.5331626741116203,0.023710435845100606,0.518645664964797,0.547835742315034,0.34095737417960753,0.10786706968037567,0.27382509575387687,0.41507415280539955,0.8496004657938411,0.0906572637103852,0.7906436429057306,0.9037302157354477,0.6590426258203925,0.10786706968037568,0.5846276798037501,0.7254635991109812,0.15039953420615892,0.0906572637103852,0.09702702124183003,0.2086231269592475
late24_28_32,0.15,fixed horizon 25,10,0.6267717390950949,0.1056613044970974,0.5655331214363771,0.6960243253353067,0.19713843886465837,0.15582590282219613,0.10351874029933479,0.29593531746031737,0.29252906208808843,0.1513767894010148,0.19930937677997007,0.3880788744954616,0.5476953116117149,0.036719628384612325,0.5265296208728562,0.5718949897855411,0.36353262896238114,0.09944221707059152,0.30192999013679456,0.4253860373117527,0.8135313083505782,0.097957609227088,0.7527383805499211,0.8731924724202812,0.6364673710376187,0.09944221707059152,0.5753029667886572,0.6976500164287538,0.18646869164942184,0.09795760922708804,0.12711477129817442,0.24719971049917697
late24_28_32,0.2,fixed horizon 25,10,0.6267717390950949,0.1056613044970974,0.566077350354176,0.6948845640964327,0.25995097013221113,0.19646782816134847,0.14049347487708766,0.38352431333024095,0.3617796699243961,0.1844256932896263,0.24511337418300652,0.47664608509025325,0.5509143498960924,0.04729004731106012,0.5243792447604075,0.5822630562764293,0.3524367652487581,0.10860825292987768,0.28305491429904395,0.4196203854307358,0.7657915260652502,0.11946016570143639,0.6916493124090807,0.8394402660280968,0.6475632347512418,0.10860825292987769,0.5816266931239227,0.7150896598711515,0.23420847393474978,0.11946016570143639,0.15966258585858584,0.3083458389899672
late24_28_32,0.3,fixed horizon 25,10,0.6267717390950949,0.1056613044970974,0.5660764441202292,0.696532235041899,0.3717484212861903,0.25425584860460787,0.21648214893338363,0.5280596706806264,0.4952501150791212,0.22051296669757062,0.3553216466644129,0.6276423729946521,0.5617508468964655,0.06838676245914213,0.5243241502463724,0.6081189362270295,0.3706763613361649,0.11009680253346212,0.3029926597583646,0.4385872275193145,0.6756510863469039,0.14556146297507494,0.589270863523675,0.7678171371507502,0.6293236386638352,0.11009680253346212,0.5626200604768492,0.6978330863215594,0.3243489136530962,0.1455614629750749,0.2330565636759754,0.412055962671338
late24_28_32,0.01,fixed horizon 37,10,0.6594840187355242,0.1088449611091394,0.5946827669829946,0.7302536763653598,0.0389003896430367,0.05789131837573104,0.010858722976370033,0.07980365918803407,0.06313540475751428,0.06004455412414748,0.02977836452762923,0.10310700601348162,0.5121175075572387,0.008544623256985054,0.5068643851996127,0.5173275436388183,0.4111466207117288,0.270180698750536,0.24503465330105598,0.5966506899595132,0.9576787965727114,0.04766954932977656,0.9251501264093708,0.9827066258972877,0.5888533792882712,0.270180698750536,0.4023384473485026,0.753646116243841,0.042321203427288595,0.047669549329776545,0.016900333461804033,0.07601629588190434
late24_28_32,0.025,fixed horizon 37,10,0.6594840187355242,0.1088449611091394,0.5951959843790197,0.7310099221853874,0.054252951950010765,0.06998369570360718,0.017170085470085465,0.10234751221001213,0.09456062450058392,0.07679326590949276,0.047483114973262026,0.14449993125986027,0.5201538362752867,0.014347486698339509,0.511351371583116,0.5292392709618813,0.46916662787990204,0.23575006892843525,0.32063597214686534,0.6286192277967877,0.9430789376689985,0.05585669795529939,0.9044386468863295,0.9737753695138989,0.530833372120098,0.2357500689284353,0.36952275096582005,0.6794567295656581,0.05692106233100145,0.05585669795529937,0.02650701389892565,0.09527024084936861
late24_28_32,0.05,fixed horizon 37,10,0.6594840187355242,0.1088449611091394,0.5954411843844121,0.7302962617027215,0.07989964285276335,0.09081912144577532,0.029883225108523703,0.14085916975530047,0.14439676480832667,0.10228644019709103,0.08180896464646464,0.20831691130370636,0.5322485609777817,0.02451669527353254,0.5184652355349555,0.5488387276848327,0.4235460341036641,0.1510740710833506,0.32529509892027775,0.5199587325020425,0.9172960539277983,0.06594993909148335,0.8726936034215573,0.9540469219219219,0.5764539658963358,0.1510740710833506,0.47943333880817435,0.6762152684708329,0.08270394607220162,0.06594993909148332,0.04574722272406093,0.12677496166090477
late24_28_32,0.075,fixed horizon 37,10,0.6594840187355242,0.1088449611091394,0.5945479475088326,0.7314035779253426,0.10963117401488993,0.1102385756164601,0.044640802551107424,0.18147325852550922,0.19140762185752042,0.12651590937278412,0.11475941514536848,0.27021120264511234,0.5408882239213152,0.025802453309212745,0.5247814513367788,0.5571636803147832,0.4203312678572203,0.16497065892490995,0.31069696763833793,0.5258340970230865,0.888953309671464,0.07254476436303357,0.841726115968218,0.931583611914053,0.5796687321427796,0.16497065892490992,0.47433322005107087,0.6910067256059803,0.11104669032853613,0.0725447643630336,0.06860663606973189,0.1576264996312004
late24_28_32,0.1,fixed horizon 37,10,0.6594840187355242,0.1088449611091394,0.5944310035974957,0.7305985132988302,0.14496778285479867,0.1360193361358163,0.06475124436877486,0.23066498568385221,0.2357432540414285,0.1497344147447502,0.14731033074149197,0.3322546978404733,0.5453877355933149,0.028944329974503507,0.527518006501636,0.5626303134027906,0.43820931006518654,0.1516157657268664,0.33658069631188714,0.5333835989232822,0.8643436090525339,0.08177123319901193,0.8120667012831568,0.9129865285924872,0.5617906899348134,0.1516157657268664,0.4659007093662396,0.6634666515424269,0.13565639094746598,0.08177123319901193,0.08716656670039019,0.1873308866791371
late24_28_32,0.15,fixed horizon 37,10,0.6594840187355242,0.1088449611091394,0.5956754993539852,0.7305011180736659,0.19703011872950899,0.1781789864612912,0.09399561114190685,0.31423307539682527,0.3226514369523497,0.17972436975742312,0.2152520697167756,0.4362876567398119,0.5628106591114203,0.04958883536572416,0.5329779891047937,0.5944497192575285,0.4207233267305672,0.18198909253265977,0.3008334320006187,0.524390396470966,0.8285586428766957,0.08022382848736215,0.7800966271314649,0.8801983521180226,0.5792766732694327,0.1819890925326598,0.47412865742795,0.7002652701514752,0.17144135712330438,0.08022382848736218,0.12051060391019819,0.21926869327145684
late24_28_32,0.2,fixed horizon 37,10,0.6594840187355242,0.1088449611091394,0.5953841234530627,0.7297983081517159,0.2768980237998889,0.23865934795137314,0.13711961110147622,0.4332310378510377,0.4162054353542183,0.2226203826985917,0.2772434419840733,0.555968839587559,0.5696537057771647,0.059729994137248416,0.5344625756712582,0.6073592845001986,0.41422334856776744,0.1151557194673878,0.34107495943243865,0.48402006113878554,0.7628563642011917,0.11652389806589952,0.6935754037275336,0.8368494303126655,0.5857766514322326,0.11515571946738778,0.5164446901204363,0.6591252852272546,0.2371436357988082,0.11652389806589954,0.16438067372646475,0.30727677598306385
late24_28_32,0.3,fixed horizon 37,10,0.6594840187355242,0.1088449611091394,0.5951802767346245,0.7288672270213448,0.3844867450499444,0.2946650003070465,0.2083557385703727,0.5730738278388279,0.5569713483721597,0.25395234382554244,0.38990779073698445,0.7078320628700797,0.5862423016611077,0.076002065601793,0.5433173545767676,0.6367438512994217,0.4066917476974529,0.08384973054156389,0.35214170549645574,0.45544798404758335,0.6631644243173654,0.15398807989403812,0.5714328657400717,0.7618051548875078,0.593308252302547,0.08384973054156386,0.5443286789044688,0.6462507072746636,0.3368355756826345,0.15398807989403812,0.23922062043326744,0.4291508279134747
shuffled_late24_28_32,0.01,by earliest stop,10,0.6668262129782281,0.08463181974923871,0.611630032198047,0.7169351951392037,0.03203941679235796,0.04051837170312029,0.008994328808446455,0.05877275012569129,0.05832160858073636,0.06682758678358251,0.020352421271538912,0.10357047708320523,0.5131410958941892,0.015466077602659242,0.5045932442067737,0.52363894320211,0.36962389277009255,0.20844302418017746,0.24859326340205737,0.5150413509250048,0.9632938677441689,0.043504449053562086,0.9343557707439651,0.9879546429954208,0.6303761072299074,0.20844302418017743,0.4826990781119467,0.7514028569032893,0.03670613225583103,0.04350444905356209,0.012308993251716676,0.06570250893103415
shuffled_late24_28_32,0.025,by earliest stop,10,0.6668262129782281,0.08463181974923871,0.6128387168296997,0.7170606232639644,0.0473333369245134,0.0628890946136811,0.012031749622926092,0.08958095238095239,0.08245316757842112,0.08734455233828224,0.033277412819882383,0.14006640735447776,0.5175599153269539,0.014793263434684706,0.5087863802019482,0.5270451334556812,0.3601503366400227,0.15065602246795323,0.258606931969423,0.45780501342354146,0.9497468126862045,0.05792909170834218,0.910970377077319,0.9821853021734149,0.6398496633599771,0.15065602246795323,0.5448105818533198,0.7406002050683527,0.050253187313795356,0.05792909170834219,0.01757054831495373,0.08915324457485836
shuffled_late24_28_32,0.05,by earliest stop,10,0.6668262129782281,0.08463181974923871,0.6139165759838914,0.7182826938751762,0.06848354896737249,0.0877452784488046,0.017359553710178707,0.12687148798913503,0.12665727764460014,0.11563216739132907,0.059369830659536535,0.20182854470157957,0.5290868643386137,0.01819206974878176,0.5181127910182137,0.5400599535799169,0.4020014680562127,0.15100891773420178,0.3048658327356681,0.5000416226717493,0.9227544299050777,0.0828566727267592,0.8673162452760108,0.9703303462177691,0.5979985319437873,0.15100891773420172,0.5003567530814609,0.6972215290855924,0.07724557009492229,0.08285667272675917,0.029987179622064077,0.13151009991430268
shuffled_late24_28_32,0.075,by earliest stop,10,0.6668262129782281,0.08463181974923871,0.6126592662081726,0.7171633981122926,0.09338475854211148,0.11280156141715035,0.026982215909090907,0.16778978275401057,0.1769130903354027,0.14779801525058414,0.090423227124183,0.27313264232077367,0.5417641658966457,0.023718449293068034,0.5265760270155807,0.5559237547125796,0.44193967126285183,0.13878871109909352,0.3550255787122243,0.5362970294978519,0.8928773174310279,0.10784112499123458,0.8214129167247153,0.9541411023417286,0.5580603287371482,0.13878871109909352,0.4644551444245224,0.6463424484019444,0.10712268256897199,0.10784112499123454,0.04531118547352785,0.18015666783024048
shuffled_late24_28_32,0.1,by earliest stop,10,0.6668262129782281,0.08463181974923871,0.6126270602420487,0.7172147994096874,0.11765617104081953,0.1433501885561284,0.031079453879453874,0.21159729225023338,0.21531185485688525,0.17390806219677826,0.11344215686274509,0.3292047044737435,0.5488278419080329,0.026443100237608742,0.5319035822045658,0.5644140501696016,0.4476030824765429,0.13440042919733694,0.3587011094316098,0.5328873197697338,0.8701565578864014,0.12591844203833208,0.7854433839842618,0.942966267031874,0.5523969175234571,0.13440042919733694,0.465840147955822,0.6408993356288328,0.12984344211359838,0.12591844203833205,0.057954404559698074,0.21489198979707738
shuffled_late24_28_32,0.15,by earliest stop,10,0.6668262129782281,0.08463181974923871,0.6135829925776572,0.7169072797675772,0.18902325030302075,0.23274252617860686,0.05307520738069518,0.34320611624546343,0.30130441227692745,0.24280176247563345,0.16102237486426124,0.45990019361976764,0.5561405809869534,0.03281384450621776,0.5354601841189012,0.5759412698412698,0.493672499435213,0.1433535986888786,0.4003956752954719,0.5874509406810664,0.8276777321035738,0.16824972508440886,0.7143857636758584,0.9241930434945921,0.506327500564787,0.14335359868887862,0.41407614581734264,0.6004618162920593,0.17232226789642618,0.16824972508440886,0.07567015980631285,0.2812090354160569
shuffled_late24_28_32,0.2,by earliest stop,10,0.6668262129782281,0.08463181974923871,0.6113954372605083,0.7171644300432715,0.2349278508555051,0.26895309335253037,0.08005375180375181,0.41200764034705883,0.36143009301944395,0.26491459896576675,0.2085240522875817,0.5313431792570735,0.5632511210819695,0.03940000575047736,0.5388492430355173,0.5878718482089806,0.5186467288498033,0.15051403520779452,0.4280274251321969,0.6125224578206436,0.7919375520467429,0.18416631454157684,0.6715586574124693,0.8962738217545,0.48135327115019655,0.15051403520779452,0.38776241113032867,0.5735193911595532,0.20806244795325712,0.1841663145415768,0.10202677517955788,0.3285972009680158
shuffled_late24_28_32,0.3,by earliest stop,10,0.6668262129782281,0.08463181974923871,0.6130062190167721,0.7168480652295596,0.35735955672734726,0.33722231612049874,0.16165143605039944,0.5747129120240113,0.4958727269312462,0.2871780595064486,0.32330058130322836,0.6788183675497366,0.5692565851019494,0.054508097111092384,0.5373101437791179,0.6041015613568194,0.4764424959417723,0.1464564742362243,0.38732691371437095,0.5691677147174017,0.6959212023754378,0.22565655806066998,0.5485326105031265,0.8279015712001927,0.5235575040582277,0.14645647423622427,0.432441089904359,0.6124781890285145,0.30407879762456236,0.22565655806066998,0.17235466627014714,0.4527883348668754
shuffled_late24_28_32,0.01,fixed horizon 13,10,0.5746588781929989,0.05612061932575245,0.5404422608166858,0.6105763705852408,0.029487829490770657,0.043766317336693374,0.006277777777777775,0.059616806722689056,0.05020349540024995,0.06303404973261412,0.017068545751633978,0.09306611231483172,0.5103578329547397,0.013405259856851232,0.5027534481694775,0.5192507972595638,0.3703283701894813,0.14931072768732606,0.27883967999592996,0.4726684826233437,0.969383027970452,0.038564570276178906,0.9433330342392564,0.9895163604369486,0.6296716298105187,0.1493107276873261,0.526860923156062,0.7234566982657258,0.030616972029548085,0.03856457027617891,0.01034720211161388,0.057593893372798036
shuffled_late24_28_32,0.025,fixed horizon 13,10,0.5746588781929989,0.05612061932575245,0.5403573756013537,0.6096635193620343,0.04404286791639732,0.06309371704908498,0.010927777777777774,0.08752778388278383,0.06962390128465179,0.0821153451675883,0.026939379084967307,0.12728482082488166,0.5127905166841272,0.014036110726127675,0.5046807293237807,0.5220240763546797,0.36737765801930844,0.12418293427443608,0.296631975526489,0.45733821700764515,0.9556793682652709,0.052348238439833134,0.9190573507051321,0.9823606586224234,0.6326223419806916,0.12418293427443611,0.5426497394149482,0.7027398533822146,0.04432063173472909,0.05234823843983311,0.017531697461035684,0.08092940514522662
shuffled_late24_28_32,0.05,fixed horizon 13,10,0.5746588781929989,0.05612061932575245,0.5409596013381479,0.6099058391701293,0.06527203915962883,0.08815216407399924,0.017600348432055744,0.12562996112109626,0.10268483516708668,0.112545792427567,0.04310947712418299,0.18030139055360903,0.518706398003729,0.016873516798593207,0.5094858186076039,0.5300856796741685,0.34939254826091143,0.12417298862856208,0.2811179364617153,0.43922792957007994,0.9304757673473698,0.0788787607316161,0.8754660257749913,0.9712797215366332,0.6506074517390884,0.12417298862856208,0.5609060418742132,0.7190247239639366,0.06952423265263022,0.0788787607316161,0.029094928355957752,0.12374924681752773
shuffled_late24_28_32,0.075,fixed horizon 13,10,0.5746588781929989,0.05612061932575245,0.5401600052802729,0.6098451083286233,0.08573837920408937,0.11420691247016736,0.023500970695970687,0.1632186554621847,0.12863052738336714,0.1338750202685894,0.05609666666666666,0.22060348208248812,0.521446074089639,0.016896137831186278,0.5116155267078688,0.5322834058148016,0.33210786067414816,0.1247115009378411,0.26192604179104484,0.42136146294182,0.9105687965629141,0.0982963172703872,0.8431483385895151,0.9615054579733991,0.6678921393258519,0.12471150093784109,0.5779843139258866,0.737274657972155,0.08943120343708577,0.09829631727038718,0.03814558275058274,0.15730835710041577
shuffled_late24_28_32,0.1,fixed horizon 13,10,0.5746588781929989,0.05612061932575245,0.5400961754121455,0.6096933450510513,0.10768698518522764,0.13912898012399388,0.030801907995459822,0.203086642899584,0.15201575900997805,0.146599038174988,0.07146911764705881,0.2539034980381911,0.5221643869123752,0.01820261165760581,0.5110320211052897,0.5335730077969142,0.3309249911166419,0.11267354972836945,0.26637379235047987,0.4136840261616171,0.8931712754002815,0.10899790095852945,0.8158046347387119,0.9508166566113623,0.6690750088833579,0.1126735497283694,0.5881527375692845,0.7330566522768214,0.10682872459971851,0.10899790095852942,0.04822383421317244,0.1820014704759405
shuffled_late24_28_32,0.15,fixed horizon 13,10,0.5746588781929989,0.05612061932575245,0.5409894754784318,0.6096870383363249,0.15172165375673266,0.1996818149010148,0.04376439490049246,0.28803470765345746,0.2031928872907575,0.18273376995998294,0.10142945261437908,0.32741686361587463,0.5257356167670123,0.027454730981735984,0.508005016244581,0.5419997172502746,0.3485016412654246,0.1058531895588734,0.27945736799308035,0.417810682457112,0.8599338044984091,0.13115407373281587,0.7727154254946091,0.9331902595525389,0.6514983587345754,0.10585318955887339,0.5813517379324692,0.7197961508015495,0.14006619550159102,0.1311540737328159,0.0667318665158371,0.22842652611305744
shuffled_late24_28_32,0.2,fixed horizon 13,10,0.5746588781929989,0.05612061932575245,0.5403704801828777,0.6096670609942824,0.20725037742824687,0.25377846762802253,0.06754081232622389,0.3807168500916626,0.2666519744435566,0.21842328550040024,0.14287026143790846,0.41253953300756013,0.5297007985076548,0.03607106919607873,0.50716155588753,0.5512086355804381,0.34800455253761625,0.1047817258548617,0.2803818041453688,0.4104917677390623,0.811160616672787,0.1665153385528524,0.7001836721613597,0.9035711726998492,0.6519954474623837,0.10478172585486169,0.590258519193225,0.7186756329453805,0.18883938332721295,0.16651533855285236,0.09637602286058167,0.2972009590561567
shuffled_late24_28_32,0.3,fixed horizon 13,10,0.5746588781929989,0.05612061932575245,0.540485475713097,0.6097354519294409,0.3145358711589702,0.297765595785664,0.14542025246433785,0.5104742413632115,0.3912642964465479,0.2534211708301106,0.24394208446022086,0.5560263716099466,0.5383642126437889,0.03888989327955963,0.5149789741894328,0.562779941240046,0.3140234224297103,0.11543441478216294,0.24347524221569705,0.383174620666175,0.7154970517574979,0.20566550749073548,0.5781095768937883,0.8329952321099379,0.6859765775702896,0.11543441478216297,0.6159182831590222,0.7571170051402425,0.284502948242502,0.20566550749073548,0.16687193067619027,0.4201982692130385
shuffled_late24_28_32,0.01,fixed horizon 25,10,0.6265450968941513,0.07253022796274157,0.585679259103561,0.674398401518927,0.027794602456367157,0.03872960208809192,0.007641025641025636,0.05460758053221283,0.04535295449423238,0.0536124977022837,0.017491674836601304,0.08130147120290096,0.5087791760189326,0.011551758521045175,0.5020810604632295,0.5162405564347755,0.32071977117532674,0.13395041012439182,0.2403202228327228,0.41391102439741306,0.9670601101481344,0.04202578556120507,0.9378300210861147,0.988718814349376,0.6792802288246732,0.13395041012439185,0.5854725274725275,0.7594804826346494,0.03293988985186549,0.042025785561205044,0.011288255436720136,0.06191232107074799
shuffled_late24_28_32,0.025,fixed horizon 25,10,0.6265450968941513,0.07253022796274157,0.5855408138042532,0.6738926719685543,0.03841015683662742,0.05370464109145383,0.010639029720279716,0.07565496256194783,0.06007545331612267,0.06967161292844824,0.024047810457516333,0.1083769539461552,0.5108326482397476,0.012280385963468185,0.5037297511026555,0.5188590794298387,0.3188303415070959,0.12905500744678666,0.24823363068056048,0.4122475225770547,0.95632554826152,0.054844441739224994,0.9180296168582377,0.98473902124183,0.681169658492904,0.12905500744678663,0.5880470873339624,0.7507530351676696,0.04367445173848012,0.05484444173922499,0.015924527926322034,0.08173655241871038
shuffled_late24_28_32,0.05,fixed horizon 25,10,0.6265450968941513,0.07253022796274157,0.5854804763198345,0.6740442948721931,0.06161248613095814,0.08859500977667019,0.014354833513370099,0.1256627093614181,0.09706648943799046,0.10644761061065651,0.039512745098039204,0.16827818535251088,0.5177270016535162,0.016091331701256976,0.5085421558120661,0.5282271421839373,0.32132687384765357,0.10285596090433803,0.26350050520469087,0.3962366985182626,0.9325854481529289,0.08114507613187505,0.8756176391347552,0.9753635611111112,0.6786731261523464,0.10285596090433799,0.6040214132862322,0.7362407939910129,0.0674145518470711,0.08114507613187506,0.024732601307189527,0.12297104435941562
shuffled_late24_28_32,0.075,fixed horizon 25,10,0.6265450968941513,0.07253022796274157,0.5857334261360921,0.6751574834026367,0.08888910739746463,0.1226119851716264,0.02333819721606306,0.1719895949720214,0.1311515520314709,0.13744791400238443,0.055452875816993465,0.22629131681930872,0.5211312223170033,0.016553380902658354,0.5113225455123708,0.5320245045881266,0.32394758712513855,0.1153991311420099,0.25745985595923226,0.4058739079380752,0.9101845312352737,0.10252148997657454,0.8393210786741655,0.9653238986928104,0.6760524128748614,0.1153991311420099,0.5922069654409164,0.7409958110156575,0.08981546876472635,0.10252148997657454,0.03556235294117645,0.15769818229864566
shuffled_late24_28_32,0.1,fixed horizon 25,10,0.6265450968941513,0.07253022796274157,0.5855930012859014,0.6741570726479006,0.10990877050177623,0.1477175713145824,0.02964270585275158,0.21224429208106546,0.1576493361607966,0.15862091206540965,0.07057946895424837,0.26519732825209497,0.52387028282951,0.01881936882374883,0.5131383852750497,0.5363135298507055,0.31875394326545115,0.11528531641327913,0.25111034375840346,0.4004872933862631,0.8918872940766693,0.1188957404036773,0.810936032715594,0.9555957901960785,0.6812460567345487,0.11528531641327915,0.6002346799395883,0.7480134960999856,0.10811270592333067,0.11889574040367729,0.044315285294117636,0.18790328716065313
shuffled_late24_28_32,0.15,fixed horizon 25,10,0.6265450968941513,0.07253022796274157,0.5854034851636982,0.6745445642295822,0.15085526138933597,0.19917890264582835,0.048002696388976876,0.28972222655691954,0.21564205236953712,0.19755788916072242,0.10664771241830065,0.34753147601778434,0.5323933954901007,0.026794065781424934,0.5172241940739719,0.5505605688792515,0.3543266692563326,0.11740635205636023,0.2903833533885163,0.4409743816181876,0.8603248622123875,0.13280903671021962,0.7703749220347491,0.9339882810457516,0.6456733307436674,0.11740635205636027,0.5597961592765625,0.7105166121135584,0.13967513778761242,0.1328090367102196,0.066100681372549,0.23065807160345853
shuffled_late24_28_32,0.2,fixed horizon 25,10,0.6265450968941513,0.07253022796274157,0.5855933567356691,0.6748062463812347,0.19701019535621397,0.24060071721052026,0.07220125511345021,0.36409627803967093,0.276433074490681,0.22369785589775973,0.1517425762527233,0.4248291006754495,0.5397114395672336,0.03681916412414232,0.5186465595614483,0.5644399610396776,0.4120531025425473,0.14375355751144903,0.324322598984542,0.501466331724745,0.8179846841641567,0.15991205007588574,0.708476227411027,0.9075524477124183,0.5879468974574527,0.143753557511449,0.49898201883037213,0.6758278524507924,0.1820153158358432,0.15991205007588574,0.09261803921568626,0.28972926506443747
shuffled_late24_28_32,0.3,fixed horizon 25,10,0.6265450968941513,0.07253022796274157,0.58515668026102,0.6748554081828944,0.3072811097399333,0.28293868235791203,0.14953621933621936,0.493924594261947,0.40941954979135503,0.25075080307641545,0.26259110322289836,0.5684693240040704,0.5510692200257108,0.04806465580176407,0.5238346716757062,0.5826378793061983,0.39888356498710614,0.1291695857794616,0.31884727318275763,0.47684840879485746,0.7290359808634007,0.19848112035941007,0.59967801668818,0.8451406666666668,0.6011164350128938,0.12916958577946158,0.5230039279507971,0.6813556531540577,0.2709640191365992,0.19848112035941007,0.15711251470588233,0.4005254342051342
shuffled_late24_28_32,0.01,fixed horizon 37,10,0.6395068156063864,0.0830741936830181,0.5890562001339475,0.6916471437059672,0.026914849529555408,0.03372715739809558,0.008761111111111108,0.05004617763772173,0.042995249656811514,0.048689305861569165,0.01636895424836601,0.07598904665314402,0.508040200063628,0.009578193259188007,0.5023389562194341,0.5143292911731046,0.31434818798324543,0.14935462005027708,0.22668319334985998,0.4202755872385899,0.9686474921353219,0.03973618397949168,0.9409668474012921,0.9892149796855678,0.6856518120167545,0.14935462005027705,0.5810234583025531,0.7733168066501399,0.031352507864678233,0.0397361839794917,0.010887488959547774,0.059391052350294196
shuffled_late24_28_32,0.025,fixed horizon 37,10,0.6395068156063864,0.0830741936830181,0.5885743735437929,0.690875897971402,0.03768161054631642,0.04633184223577241,0.012432746697746699,0.06897428328207736,0.061389171635216254,0.0649014164283161,0.02537176470588235,0.10555912225705327,0.5118537805444499,0.011716674071660277,0.5049308674985145,0.5194450731415867,0.31270307868525016,0.11630515807101727,0.24216500498215335,0.3931519593284299,0.9567948152652006,0.052901121866903364,0.9201053179054954,0.984264188305953,0.6872969213147498,0.11630515807101725,0.6078965892201187,0.757981475752774,0.043205184734799326,0.052901121866903336,0.015724467408585047,0.07980375255764706
shuffled_late24_28_32,0.05,fixed horizon 37,10,0.6395068156063864,0.0830741936830181,0.5896874663167729,0.6918039596859316,0.05848380239639206,0.07546365653836823,0.016679584873121458,0.10953734397546892,0.10233232630565288,0.09979009968190436,0.0455975639508677,0.16816476919294357,0.5219242619546305,0.016501531559816728,0.5118758708764556,0.5322428391864334,0.3557248607941644,0.12815136095109686,0.27474726468979344,0.4415964338607593,0.9325975956594619,0.07811569320858185,0.8803078417874817,0.9744103614644055,0.6442751392058356,0.12815136095109686,0.5561644901840981,0.7241725158560858,0.0674024043405382,0.07811569320858183,0.02615340818759935,0.12117766074206231
shuffled_late24_28_32,0.075,fixed horizon 37,10,0.6395068156063864,0.0830741936830181,0.5883040290781391,0.6914705752081024,0.08303602828703258,0.10515706812615007,0.02464289233801429,0.15430843459804183,0.14498057655664146,0.13365519509350043,0.06983275862068965,0.23418742931341807,0.5309722741348044,0.022100811725096096,0.5174822083864247,0.5447740855490131,0.38718818702105656,0.12094857138058066,0.30681398084997535,0.4645330292552515,0.9069568650431734,0.10237738489471648,0.8366242791380722,0.9626356264352586,0.6128118129789433,0.12094857138058068,0.5353410634401767,0.6939857460561181,0.09304313495682662,0.10237738489471648,0.03755823728139902,0.1624463194752469
shuffled_late24_28_32,0.1,fixed horizon 37,10,0.6395068156063864,0.0830741936830181,0.5891526825432568,0.6914858437907003,0.10414876841236236,0.12893657525328828,0.03253818813131314,0.1900683514471936,0.17881650480463868,0.15439190932274788,0.09075033017804822,0.280798018470711,0.5373338681961382,0.024312254890645296,0.5226139841192912,0.5525665080609047,0.40049026434159746,0.13343935753693817,0.3104716713545952,0.485329806026332,0.8884892337663131,0.11605300469010695,0.8099137903180703,0.9515643958664547,0.5995097356584025,0.13343935753693814,0.5152520829220184,0.688145544302611,0.11151076623368712,0.11605300469010696,0.04806894011658715,0.19048388542793196
shuffled_late24_28_32,0.15,fixed horizon 37,10,0.6395068156063864,0.0830741936830181,0.5887207332903682,0.6923139463440002,0.1525497801576711,0.1879627277299375,0.051759670146926236,0.2825757754269479,0.2414064201856291,0.20579355614854875,0.12735366013071894,0.37784319628844215,0.544428320013979,0.02609568278175031,0.5279454212771348,0.5601775478706786,0.4510837064688043,0.16709690745903993,0.34195769339654764,0.5579399312512067,0.85915205195976,0.1389877876538881,0.7653971873773091,0.9356285711751304,0.5489162935311956,0.1670969074590399,0.4416200941921544,0.6600375403659471,0.14084794804024012,0.13898778765388814,0.06408070791379612,0.2357253436273263
shuffled_late24_28_32,0.2,fixed horizon 37,10,0.6395068156063864,0.0830741936830181,0.5887688887065154,0.6916483219986009,0.20466774578840577,0.22729421035927858,0.07847635198135196,0.3585446805251174,0.30766454880106,0.2304207034295088,0.17479360604011715,0.46165552569303553,0.5514984015063271,0.03000137368659872,0.5333131493454895,0.5704522064564914,0.5094888023714363,0.1907977841524383,0.3895226117395814,0.6279470239925167,0.8222631838181534,0.15850991271538747,0.7161116180051526,0.9095792820609656,0.49051119762856354,0.19079778415243834,0.37180342402257754,0.6093375329425554,0.17773681618184659,0.1585099127153875,0.08886823338043924,0.28358614251721725
shuffled_late24_28_32,0.3,fixed horizon 37,10,0.6395068156063864,0.0830741936830181,0.5895110726639841,0.6908001761310585,0.3467643657036411,0.3084442023949487,0.1645593099464898,0.5480417659421916,0.4654002339145341,0.26339349823336106,0.3090637282135076,0.6345444780717925,0.5593179341054466,0.04465412408711141,0.5340049404839976,0.5884501858864175,0.4704329226916058,0.1505298430211383,0.3732375056205335,0.5597098464817851,0.7214305045133645,0.19851050680236618,0.5918814801114042,0.8368208752870515,0.5295670773083941,0.1505298430211383,0.4395070811628701,0.627104963121589,0.27856949548663545,0.1985105068023662,0.16401750750750746,0.4047805360987484
