model,fold,heldout_task,alpha,eval_time,realized_fpr_mean,realized_fpr_std_cp_seed,catch_rate_mean,catch_rate_std_cp_seed,balanced_accuracy_mean,balanced_accuracy_std_cp_seed,caught_alarm_fraction_mean,caught_alarm_fraction_std_cp_seed,effective_alarm_fraction_mean,effective_alarm_fraction_std_cp_seed,caught_lead_fraction_mean,caught_lead_fraction_std_cp_seed,effective_lead_fraction_mean,effective_lead_fraction_std_cp_seed,band_width_mean
lstm,0,0,0.01,by earliest stop,0.003278688524590164,0.006912082317307933,0.028205128205128206,0.025498177590044958,0.512463219840269,0.01044492867188789,0.6887163561076604,0.28162154397678113,0.9890746934225195,0.017987874991730525,0.31128364389233953,0.28162154397678113,0.010925306577480465,0.0179878749917305,1.2969516475715666
lstm,1,1,0.01,by earliest stop,0.0,0.0,0.01111111111111111,0.024998094730020477,0.5055555555555555,0.012499047365010217,0.9667431192660549,0.0016218045440059118,0.9996262317363234,0.0008506052035572992,0.033256880733945005,0.0016218045440058724,0.0003737682636765216,0.0008506052035573043,1.2250597975901563
lstm,2,2,0.01,by earliest stop,0.2957446808510638,0.17729077957442269,0.24339622641509434,0.17732057224352096,0.47382577278201526,0.03401972754531878,0.0870330812204244,0.12237562485756413,0.7788607708128409,0.16280019596875342,0.9129669187795756,0.12237562485756416,0.22113922918715914,0.16280019596875345,1.2687422541577666
lstm,3,3,0.01,by earliest stop,0.04375,0.04441188043144301,0.10192307692307692,0.07141037149555704,0.5290865384615384,0.020418459793701254,0.08798382989559458,0.14644926398173597,0.9113225010283834,0.06270487590385446,0.9120161701044054,0.14644926398173597,0.08867749897161664,0.06270487590385448,1.251322890801779
lstm,4,4,0.01,by earliest stop,0.0,0.0,0.01935483870967742,0.034676377412036774,0.5096774193548387,0.01733818870601836,0.8843700159489633,0.09689241338162084,0.9979472140762464,0.004509316757361771,0.11562998405103675,0.09689241338162083,0.002052785923753664,0.0045093167573617655,1.2354299294525144
lstm,5,5,0.01,by earliest stop,0.0,0.0,0.0,0.0,0.5,0.0,,,1.0,0.0,,,0.0,0.0,1.166856514301791
lstm,6,6,0.01,by earliest stop,0.0,0.0,0.0,0.0,0.5,0.0,,,1.0,0.0,,,0.0,0.0,1.4125084029963557
lstm,7,7,0.01,by earliest stop,0.0,0.0,0.07837837837837838,0.05900728970743357,0.5391891891891891,0.02950364485371677,0.206031746031746,0.3675644277151938,0.9519691119691119,0.015367655259844301,0.793968253968254,0.3675644277151938,0.04803088803088803,0.015367655259844301,1.179757605791141
lstm,8,8,0.01,by earliest stop,0.025,0.03513641844631532,0.1394736842105263,0.09850373360441961,0.5572368421052631,0.04393512025202382,0.6574085884353742,0.3134374372809436,0.9681537176274018,0.023000509703898372,0.34259141156462586,0.31343743728094353,0.03184628237259814,0.023000509703898376,1.6273440240990602
lstm,9,9,0.01,by earliest stop,0.01111111111111111,0.026835882863313773,0.0640625,0.08444891309905128,0.5264756944444444,0.031368329852481044,0.34734468649147077,0.3906407395851685,0.9774701763485478,0.014318692212526895,0.6526553135085292,0.3906407395851685,0.022529823651452265,0.014318692212526891,1.2073393772311283
lstm,0,0,0.025,by earliest stop,0.013114754098360656,0.016931074737518762,0.13333333333333333,0.10661515302230888,0.5601092896174864,0.050302905736993773,0.6939557453416149,0.20595609936014403,0.959866220735786,0.03687028685464259,0.30604425465838514,0.205956099360144,0.04013377926421404,0.03687028685464259,1.256768192027284
lstm,1,1,0.025,by earliest stop,0.0013698630136986301,0.004331887205710108,0.025925925925925925,0.03923518168412519,0.5122780314561137,0.019521404601317068,0.9472477064220184,0.04145395018876443,0.9988277268093781,0.0017518292153036743,0.052752293577981585,0.04145395018876443,0.001172273190621831,0.0017518292153036734,1.1917735113481556
lstm,2,2,0.025,by earliest stop,0.3978723404255319,0.2306982204745722,0.3754716981132075,0.2652642009721487,0.4887996788438378,0.04214620215494248,0.0989911749748057,0.1309220263235364,0.6592953590270947,0.2509502677015054,0.9010088250251943,0.1309220263235364,0.34070464097290526,0.2509502677015054,1.183143292175954
lstm,3,3,0.025,by earliest stop,0.10625,0.06089767018998264,0.24230769230769228,0.08367778908759342,0.5680288461538462,0.027469032240179003,0.1544022712753363,0.14428478347708235,0.799413821472645,0.06490762644067616,0.8455977287246638,0.1442847834770823,0.20058617852735505,0.06490762644067616,1.2012906597891986
lstm,4,4,0.025,by earliest stop,0.0,0.0,0.04193548387096774,0.047604179830491734,0.5209677419354838,0.02380208991524589,0.8454564441406546,0.1293858535321209,0.9934326284920513,0.00918300796302464,0.15454355585934534,0.12938585353212093,0.006567371507948771,0.009183007963024653,1.199438095154906
lstm,5,5,0.025,by earliest stop,0.0012048192771084338,0.0038099730845402163,0.0,0.0,0.49939759036144576,0.0019049865422701136,,,1.0,0.0,,,0.0,0.0,1.134684533238912
lstm,6,6,0.025,by earliest stop,0.0,0.0,0.0,0.0,0.5,0.0,,,1.0,0.0,,,0.0,0.0,1.3319649395080566
lstm,7,7,0.025,by earliest stop,0.0,0.0,0.12972972972972974,0.09686255896011253,0.5648648648648649,0.04843127948005627,0.35201770451770453,0.3598552549663748,0.9419691119691119,0.018146713075790435,0.6479822954822955,0.3598552549663749,0.05803088803088805,0.018146713075790407,1.128116184417842
lstm,8,8,0.025,by earliest stop,0.05833333333333333,0.03513641844631532,0.19605263157894737,0.12365776748561333,0.5688596491228071,0.04491838618192103,0.7017577232038522,0.1787849376635798,0.9480827067669173,0.04257697711786574,0.2982422767961478,0.1787849376635798,0.051917293233082716,0.042576977117865754,1.5495478083229253
lstm,9,9,0.025,by earliest stop,0.05,0.04498132519070785,0.215625,0.15499495959546555,0.5828125,0.06504331003425805,0.4511084361433783,0.30348213634784454,0.9153332468879668,0.04669288728399453,0.5488915638566216,0.3034821363478446,0.08466675311203317,0.046692887283994504,1.152382605244799
lstm,0,0,0.05,by earliest stop,0.02622950819672131,0.015837570214414686,0.20512820512820512,0.1435286805448433,0.5894493484657419,0.06786503629056186,0.5937394349043965,0.2549300173386519,0.9303567447045709,0.04299399835309219,0.40626056509560343,0.25493001733865195,0.06964325529542914,0.042993998353092165,1.2635916951360924
lstm,1,1,0.05,by earliest stop,0.005479452054794521,0.007073942184853729,0.11851851851851851,0.06716775559869353,0.556519533231862,0.03410185035977959,0.7638039415562352,0.12565474368203616,0.9730377166156983,0.02142755002398977,0.23619605844376487,0.12565474368203614,0.026962283384301722,0.021427550023989755,1.2095232320478508
lstm,2,2,0.05,by earliest stop,0.5212765957446808,0.24959098375557123,0.4867924528301887,0.2946995595287788,0.48275792854275384,0.04349467801489514,0.29173125198432714,0.2549985185984984,0.6116247876240724,0.25786333488693053,0.7082687480156729,0.25499851859849837,0.38837521237592776,0.25786333488693053,1.163890545981333
lstm,3,3,0.05,by earliest stop,0.25416666666666665,0.16220890356284925,0.5423076923076924,0.3085990911839387,0.6440705128205128,0.08111289547090285,0.5600236376609526,0.3775038362849191,0.8592863019333608,0.10598694781195431,0.43997636233904736,0.3775038362849191,0.14071369806663928,0.10598694781195431,1.3734135751920984
lstm,4,4,0.05,by earliest stop,0.005263157894736842,0.011095711088310102,0.06290322580645161,0.07389295504743515,0.5288200339558574,0.03665984040077886,0.8225478468899521,0.07998032906152264,0.9896974841796574,0.013352201097242018,0.1774521531100479,0.07998032906152264,0.010302515820342629,0.013352201097242025,1.1930042223856407
lstm,5,5,0.05,by earliest stop,0.0024096385542168677,0.005079964112720288,0.011764705882352941,0.024802177726810818,0.504677533664068,0.01168822511977016,0.9797297297297298,0.009555497043061394,0.9997615262321145,0.0005365250856204983,0.02027027027027023,0.009555497043061434,0.00023847376788553863,0.0005365250856204971,1.1363462610887154
lstm,6,6,0.05,by earliest stop,0.0,0.0,0.006521739130434782,0.020623549957619863,0.5032608695652174,0.010311774978809935,0.9333333333333332,,0.9995652173913043,0.0013749033305080127,0.06666666666666676,,0.00043478260869566076,0.0013749033305080183,1.3578216274366501
lstm,7,7,0.05,by earliest stop,0.0,0.0,0.2135135135135135,0.10769440361995393,0.6067567567567568,0.05384720180997698,0.5469856386999244,0.2609904425910592,0.9262290862290863,0.017061040167407497,0.45301436130007555,0.26099044259105914,0.07377091377091376,0.017061040167407508,1.107368557648351
lstm,8,8,0.05,by earliest stop,0.0875,0.036483126490454716,0.2802631578947368,0.11471625170682348,0.5963815789473684,0.04138824723062366,0.6632137452282034,0.2073892121353288,0.9134711779448621,0.051809982531858624,0.3367862547717966,0.2073892121353288,0.0865288220551379,0.05180998253185861,1.6068065964614113
lstm,9,9,0.05,by earliest stop,0.12777777777777777,0.047574935476537523,0.340625,0.12008568989128833,0.6064236111111111,0.06207012013464135,0.5331297144271259,0.16951265581038813,0.8536501556016598,0.05586215407877138,0.4668702855728741,0.16951265581038813,0.14634984439834026,0.05586215407877141,1.2986134948417587
lstm,0,0,0.075,by earliest stop,0.04754098360655738,0.03228208849779657,0.3692307692307692,0.16930845147917103,0.6608448928121059,0.07558306053037354,0.6431857542854986,0.22916995100770612,0.8873132664437012,0.061166328694330814,0.35681424571450143,0.22916995100770615,0.1126867335562987,0.061166328694330765,1.341970569481318
lstm,1,1,0.075,by earliest stop,0.01643835616438356,0.012588172376338101,0.14814814814814814,0.07198706043018889,0.5658548959918822,0.036151946787492235,0.720340760157274,0.191858279880235,0.9588515120625212,0.02543151574680149,0.2796592398427261,0.19185827988023496,0.041148487937478787,0.0254315157468015,1.3369099334399015
lstm,2,2,0.075,by earliest stop,0.7361702127659575,0.0903803252316255,0.6886792452830188,0.08542816168054172,0.4762545162585307,0.022337508782198524,0.16737496097473717,0.1238412153996289,0.4238129303406956,0.11730328914299551,0.8326250390252629,0.12384121539962889,0.5761870696593043,0.11730328914299548,1.238589557581453
lstm,3,3,0.075,by earliest stop,0.34791666666666665,0.2081133097410111,0.6423076923076924,0.34936779570138016,0.6471955128205128,0.08092468287057131,0.5002921937091069,0.3447885811793451,0.7731283422459894,0.160946905188518,0.49970780629089306,0.3447885811793451,0.2268716577540107,0.16094690518851798,1.3300155381055476
lstm,4,4,0.075,by earliest stop,0.018421052631578946,0.03293856729038349,0.08548387096774193,0.10481802939125753,0.5335314091680814,0.03917564817833868,0.8331865502918134,0.12015550168352689,0.9823275196789629,0.023342635745220833,0.16681344970818657,0.12015550168352691,0.017672480321037187,0.023342635745220826,1.3045424434736748
lstm,5,5,0.075,by earliest stop,0.0036144578313253017,0.005819830018549976,0.023529411764705882,0.03037633997025425,0.5099574769666904,0.012972139016965185,0.9425675675675675,0.02996426733254526,0.9986486486486486,0.002019696767372488,0.05743243243243243,0.02996426733254523,0.0013513513513513597,0.0020196967673724946,1.1789267630161773
lstm,6,6,0.075,by earliest stop,0.0,0.0,0.008695652173913044,0.02749806661015982,0.5043478260869565,0.013749033305079903,0.875,,0.9989130434782609,0.0034372583262700044,0.125,,0.0010869565217391352,0.0034372583262699927,1.41914371599016
lstm,7,7,0.075,by earliest stop,0.0015873015873015873,0.005019488349473618,0.16486486486486487,0.14155902612265925,0.5816387816387817,0.06948204633863848,0.36661369935179455,0.3054296553870413,0.9264864864864866,0.034546912043091085,0.6333863006482053,0.3054296553870413,0.07351351351351354,0.034546912043091085,1.180142025192461
lstm,8,8,0.075,by earliest stop,0.0875,0.11188963367290462,0.2736842105263158,0.23330695009791055,0.5930921052631579,0.06900532525944374,0.6910109557864661,0.1757535602143267,0.9125647451963241,0.09828469325655456,0.30898904421353396,0.17575356021432667,0.08743525480367587,0.09828469325655456,2.2316308460136205
lstm,9,9,0.075,by earliest stop,0.17777777777777776,0.09277759296203963,0.3546875,0.16355327718870896,0.5884548611111111,0.05410098168465124,0.5320532924311981,0.1777204709386329,0.8423690352697095,0.08212747182291631,0.4679467075688019,0.1777204709386329,0.15763096473029045,0.08212747182291631,1.3082426820248527
lstm,0,0,0.1,by earliest stop,0.07868852459016393,0.04558831391172505,0.5461538461538462,0.14201929144957073,0.7337326607818411,0.0654744059915583,0.6855738449720901,0.15583732856408575,0.8294871794871795,0.0970020573341464,0.31442615502791,0.15583732856408572,0.1705128205128205,0.09700205733414641,1.316101139068604
lstm,1,1,0.1,by earliest stop,0.01643835616438356,0.014147884369707459,0.18148148148148147,0.09147473359428494,0.5825215626585489,0.0427347491372247,0.746638634046891,0.1780493751708756,0.9511552837240911,0.030060875495718727,0.25336136595310904,0.1780493751708756,0.0488447162759089,0.030060875495718727,1.2994607515219192
lstm,2,2,0.1,by earliest stop,0.7808510638297872,0.06267674069584599,0.7641509433962265,0.059166313591908166,0.4916499397832196,0.026198755328874918,0.18737854111446667,0.0734913449153561,0.37930787802915134,0.07086616374315212,0.8126214588855334,0.07349134491535608,0.6206921219708487,0.0708661637431521,1.2686036409552943
lstm,3,3,0.1,by earliest stop,0.36875,0.22716932622556632,0.6538461538461539,0.3774982529316784,0.6425480769230769,0.07912066879730985,0.48327067880550656,0.3508476923336942,0.7660839160839161,0.18318449863658096,0.5167293211944934,0.3508476923336942,0.23391608391608393,0.18318449863658098,1.4373783522772035
lstm,4,4,0.1,by earliest stop,0.0868421052631579,0.10746956593538089,0.16129032258064516,0.10115531033455256,0.5372241086587437,0.034314187635906435,0.6846504920518078,0.06440375104246925,0.9514817101404537,0.02772207384760367,0.31534950794819216,0.06440375104246922,0.04851828985954624,0.027722073847603668,1.4585134535807533
lstm,5,5,0.1,by earliest stop,0.006024096385542169,0.00634995514090036,0.023529411764705882,0.03037633997025425,0.5087526576895819,0.012728496851122465,0.8969594594594594,0.058482712489183734,0.9975755166931638,0.0037069886391079107,0.10304054054054054,0.05848271248918376,0.002424483306836256,0.0037069886391079116,1.2144896005860928
lstm,6,6,0.1,by earliest stop,0.0018518518518518517,0.005856069741052554,0.02608695652173913,0.05205299998860282,0.5121175523349437,0.023584592408702826,0.8590225563909774,0.028340479335262687,0.9966361556064072,0.006513861269911154,0.14097744360902262,0.02834047933526271,0.0033638443935926966,0.006513861269911155,1.5004456595134852
lstm,7,7,0.1,by earliest stop,0.0047619047619047615,0.0076673951038039355,0.16486486486486487,0.13630127474442938,0.58005148005148,0.0654600863400097,0.392969471739313,0.32577955872582687,0.9297554697554699,0.03785154196849881,0.607030528260687,0.325779558725827,0.07024453024453027,0.03785154196849881,1.2044433745544403
lstm,8,8,0.1,by earliest stop,0.25,0.14958791130929178,0.4842105263157895,0.20719216542465585,0.6171052631578947,0.05519562537277797,0.6902257062976208,0.1939910193117519,0.8469590643274854,0.11930760214127493,0.30977429370237913,0.1939910193117519,0.15304093567251464,0.11930760214127493,2.503797009262702
lstm,9,9,0.1,by earliest stop,0.25,0.08784104611578832,0.43125,0.1305620196390291,0.590625,0.03763398773952895,0.44422543618773636,0.20248766131736654,0.7791947614107884,0.06417579542328383,0.5557745638122636,0.20248766131736656,0.22080523858921158,0.06417579542328385,1.2964065126402833
lstm,0,0,0.15,by earliest stop,0.10819672131147542,0.05636632550044864,0.6384615384615385,0.22105214640024196,0.7651324085750315,0.09124579747280223,0.6288464437825201,0.1910488169447049,0.7795986622073579,0.1301452307906083,0.37115355621747986,0.19104881694470494,0.22040133779264215,0.1301452307906083,1.510120467363018
lstm,1,1,0.15,by earliest stop,0.04520547945205479,0.047912578592053605,0.25555555555555554,0.16877947506305555,0.6051750380517504,0.06957184053083618,0.7245856717186991,0.15940206595544673,0.9337410805300713,0.04424515796720942,0.27541432828130075,0.15940206595544673,0.06625891946992864,0.04424515796720943,1.3338527617758746
lstm,2,2,0.15,by earliest stop,0.8787234042553191,0.05766092659341235,0.8452830188679246,0.05468444055165829,0.4832798073063027,0.020141512631703617,0.23152141952993444,0.06481837132963005,0.35285701511222384,0.03551008467065803,0.7684785804700656,0.06481837132963006,0.6471429848877761,0.03551008467065799,1.3349554550862008
lstm,3,3,0.15,by earliest stop,0.53125,0.17575070465060783,0.8461538461538461,0.19736928613257249,0.6574519230769231,0.03699083391195829,0.5611883773356285,0.254112004360824,0.6464932126696832,0.1993899170310136,0.43881162266437146,0.254112004360824,0.35350678733031676,0.1993899170310136,1.4857666832572343
lstm,4,4,0.15,by earliest stop,0.14210526315789473,0.1216739711185944,0.22580645161290325,0.0976661404547578,0.5418505942275043,0.03402193627041052,0.7723554412737264,0.13778000044284794,0.9452230282450996,0.0466990157043799,0.22764455872627373,0.1377800004428479,0.054776971754900414,0.046699015704379884,1.9745114802485588
lstm,5,5,0.15,by earliest stop,0.008433734939759036,0.008131910333862083,0.029411764705882353,0.03100272215851352,0.5104890148830616,0.012585358129700169,0.8202702702702703,0.11747822016567315,0.9947138314785373,0.00722999083565487,0.17972972972972973,0.11747822016567315,0.005286168521462642,0.007229990835654857,1.2506576885125322
lstm,6,6,0.15,by earliest stop,0.014814814814814814,0.02102393378509432,0.06739130434782609,0.07699595048776518,0.5262882447665056,0.028769779556261536,0.6748454469507101,0.19066173634433098,0.9824828375286041,0.018737884730006118,0.32515455304928986,0.19066173634433092,0.017517162471395887,0.01873788473000612,1.459908753378708
lstm,7,7,0.15,by earliest stop,0.007936507936507936,0.013489469612679324,0.2810810810810811,0.12880047568044337,0.6365722865722866,0.06288520103981594,0.5801722800231204,0.24292073694077196,0.9069369369369369,0.026725621494101407,0.4198277199768796,0.24292073694077193,0.09306306306306308,0.026725621494101383,1.245031850732591
lstm,8,8,0.15,by earliest stop,0.6083333333333333,0.16457014715109583,0.7894736842105263,0.09200077615527642,0.5905701754385965,0.040092213780576307,0.605445513846811,0.10097905369067632,0.6912489557226399,0.07675990757030995,0.39455448615318905,0.10097905369067631,0.3087510442773601,0.07675990757031002,2.632296505067694
lstm,9,9,0.15,by earliest stop,0.38333333333333336,0.13276628391803644,0.53125,0.11458333333333334,0.5739583333333333,0.04980685969284025,0.4290123651091669,0.1906857767990587,0.6982494813278008,0.11210524634311171,0.5709876348908332,0.19068577679905874,0.30175051867219915,0.1121052463431117,1.6087085237732766
lstm,0,0,0.2,by earliest stop,0.20327868852459016,0.04175950420665093,0.8282051282051281,0.05412355623585497,0.812463219840269,0.027856456684279617,0.5271127429625851,0.0864822641188973,0.6086733556298773,0.07533374276907531,0.47288725703741485,0.08648226411889734,0.3913266443701226,0.07533374276907533,1.5257451426618458
lstm,1,1,0.2,by earliest stop,0.0917808219178082,0.055192617784079696,0.34074074074074073,0.1539996654766684,0.6244799594114663,0.06387849634196514,0.5805979556744083,0.1861038000007591,0.8716445803601767,0.06611608545977674,0.4194020443255917,0.18610380000075905,0.1283554196398233,0.06611608545977674,1.7381800399092338
lstm,2,2,0.2,by earliest stop,0.9319148936170212,0.035884001817513576,0.881132075471698,0.04176593136071444,0.4746085909273384,0.02090113609431181,0.2675491144519532,0.08233997309521213,0.35325046946257715,0.08980845835711956,0.7324508855480468,0.08233997309521214,0.6467495305374229,0.08980845835711956,1.4657652115675215
lstm,3,3,0.2,by earliest stop,0.6166666666666667,0.10677295052101428,0.9173076923076924,0.04886112564143463,0.6503205128205128,0.035325544106265094,0.6357654700875734,0.17138520427639714,0.6663512957630604,0.15702412007827418,0.3642345299124265,0.1713852042763971,0.33364870423693954,0.15702412007827418,1.8754050807543503
lstm,4,4,0.2,by earliest stop,0.25,0.08252143737818762,0.317741935483871,0.04811752867798807,0.5338709677419355,0.03302208343092632,0.6866311759739591,0.14218632929737013,0.8980475382003397,0.0496128923080546,0.31336882402604094,0.14218632929737013,0.10195246179966042,0.049612892308054574,2.808613576295657
lstm,5,5,0.2,by earliest stop,0.016867469879518072,0.011639660037099951,0.06470588235294118,0.04340381102191894,0.5239192062367115,0.020061726218752976,0.8044763513513513,0.1515537194649083,0.9848569157392687,0.01822958067892342,0.19552364864864863,0.15155371946490834,0.015143084260731365,0.018229580678923406,1.2252734227666207
lstm,6,6,0.2,by earliest stop,0.1814814814814815,0.20911262570717207,0.35652173913043483,0.24896340439425682,0.5875201288244767,0.046537873145522116,0.7381867343966557,0.1504195974540135,0.9181006864988559,0.05205964465211139,0.2618132656033442,0.1504195974540135,0.08189931350114416,0.052059644652111395,1.5367276370881267
lstm,7,7,0.2,by earliest stop,0.025396825396825397,0.027185677415164294,0.3540540540540541,0.13807610566967354,0.6643286143286143,0.0629628224959386,0.6652987194877952,0.13518784048822446,0.8848519948519948,0.046821188187252734,0.3347012805122048,0.13518784048822446,0.11514800514800516,0.04682118818725274,1.403091907825034
lstm,8,8,0.2,by earliest stop,0.7833333333333333,0.13721210039142742,0.8881578947368421,0.07133094722495874,0.5524122807017544,0.043208494838354324,0.5145325301206759,0.052875390484950414,0.5684544695071011,0.06143143758958855,0.4854674698793241,0.052875390484950435,0.4315455304928989,0.06143143758958854,2.5309042293176147
lstm,9,9,0.2,by earliest stop,0.6472222222222223,0.13548292934041975,0.71875,0.11434634583385495,0.5357638888888889,0.02076006276941344,0.3473322443356161,0.12497048770950583,0.5199234958506225,0.15022341588117116,0.6526677556643838,0.12497048770950585,0.4800765041493776,0.15022341588117116,1.669700510628966
lstm,0,0,0.3,by earliest stop,0.2819672131147541,0.03260422708235255,0.9,0.03715737627228061,0.8090163934426229,0.016288333853098684,0.41654715912644297,0.053283696428228264,0.4741471571906354,0.059570925950172667,0.5834528408735571,0.05328369642822827,0.5258528428093646,0.05957092595017269,1.630473433670438
lstm,1,1,0.3,by earliest stop,0.20410958904109586,0.019851201022177314,0.4666666666666666,0.0765033747398996,0.6312785388127853,0.034735564799437735,0.47294288415308383,0.1018937139547316,0.7596330275229357,0.02543492045129314,0.5270571158469162,0.10189371395473157,0.24036697247706423,0.025434920451293145,1.9638592858582935
lstm,2,2,0.3,by earliest stop,0.9808510638297872,0.027376253993785526,0.9169811320754718,0.02386624649183682,0.4680650341228422,0.013675824618779904,0.21999102175384885,0.054268190936749255,0.2842349995528928,0.06055151973091691,0.7800089782461511,0.05426819093674923,0.7157650004471072,0.06055151973091691,1.7659284368554835
lstm,3,3,0.3,by earliest stop,0.80625,0.029544510258586995,0.975,0.00928934406807012,0.584375,0.012187509072881294,0.4256571248820384,0.0685107440397899,0.44031262854792264,0.06389120826139609,0.5743428751179616,0.06851074403978992,0.5596873714520773,0.06389120826139606,2.0337397762470566
lstm,4,4,0.3,by earliest stop,0.4473684210526316,0.062026910630398904,0.5145161290322581,0.060085305681498974,0.5335738539898133,0.014620651287237298,0.4494054472138035,0.09284439409250124,0.7143695014662758,0.07371008027563813,0.5505945527861965,0.09284439409250123,0.2856304985337243,0.07371008027563815,2.513322593627303
lstm,5,5,0.3,by earliest stop,0.033734939759036145,0.025902836139111804,0.08823529411764705,0.03100272215851352,0.5272501771793054,0.015828414619286062,0.6422297297297297,0.08535486326163344,0.9663751987281399,0.017839053230173464,0.35777027027027025,0.08535486326163345,0.03362480127186011,0.017839053230173475,1.3959105968814625
lstm,6,6,0.3,by earliest stop,0.5574074074074075,0.0933916141767386,0.7347826086956522,0.10835696024648549,0.5886876006441224,0.020361908672185503,0.7019587052720567,0.07189394939424613,0.7854004576659038,0.04033065638610903,0.2980412947279433,0.07189394939424612,0.21459954233409612,0.040330656386109026,1.9305099356404054
lstm,7,7,0.3,by earliest stop,0.047619047619047616,0.01673162783157873,0.47837837837837843,0.11110705292483494,0.7153796653796654,0.049888346777747596,0.5458680080483366,0.10535294203577872,0.7863191763191762,0.06401948693363864,0.4541319919516634,0.1053529420357787,0.2136808236808237,0.06401948693363858,1.665725696977588
lstm,8,8,0.3,by earliest stop,0.9625,0.06930541638819249,0.9828947368421053,0.01525660274642639,0.5101973684210527,0.029221714091291075,0.41153655299134745,0.022121642823592122,0.42169590643274846,0.020599133319506777,0.5884634470086525,0.022121642823592105,0.5783040935672515,0.020599133319506795,2.0180642251245127
lstm,9,9,0.3,by earliest stop,0.8194444444444444,0.05594002765553046,0.8609375,0.042600218847246935,0.5207465277777777,0.028105733045865194,0.31614713334481137,0.1088040463694023,0.4082339211618257,0.11495833475550034,0.6838528666551886,0.10880404636940229,0.5917660788381742,0.11495833475550032,2.3325509792489325
lstm,0,0,0.01,by final end,0.003278688524590164,0.006912082317307933,0.04358974358974359,0.034294705380750225,0.5201555275325767,0.016389385375547908,0.3916466346153846,0.21718793023442234,0.974285009861933,0.02222435267205587,0.6083533653846154,0.21718793023442234,0.02571499013806705,0.02222435267205586,1.2969516475715666
lstm,1,1,0.01,by final end,0.0013698630136986301,0.004331887205710108,0.07037037037037037,0.14016559979738244,0.5345002536783359,0.06805590854232237,0.5846955128205128,0.14370193290641148,0.9707834757834757,0.06130501494032008,0.4153044871794872,0.14370193290641148,0.02921652421652421,0.0613050149403201,1.2250597975901563
lstm,2,2,0.01,by final end,0.31702127659574464,0.14411305634607147,0.36792452830188677,0.08993930595015781,0.525451625853071,0.07986281217623573,0.18429854540883955,0.21472574474970593,0.7027975326560232,0.09444900412479612,0.8157014545911604,0.21472574474970593,0.29720246734397676,0.0944490041247961,1.2687422541577666
lstm,3,3,0.01,by final end,0.04375,0.04441188043144301,0.13461538461538464,0.09889261936244559,0.5454326923076923,0.0488015927302554,0.07244162087912089,0.12865565364332096,0.8842714497041421,0.06930015750038532,0.9275583791208792,0.12865565364332102,0.11572855029585798,0.06930015750038532,1.251322890801779
lstm,4,4,0.01,by final end,0.013157894736842105,0.013869638860387628,0.45,0.3114987138374662,0.718421052631579,0.149692107846267,0.698578716038977,0.23526475799235058,0.9229187344913152,0.03768728972414913,0.301421283961023,0.23526475799235058,0.0770812655086849,0.03768728972414914,1.2354299294525144
lstm,5,5,0.01,by final end,0.0,0.0,0.023529411764705885,0.05682892841642917,0.5117647058823529,0.028414464208214595,0.8669871794871795,0.1600055729223406,0.9982013574660634,0.004589920413305739,0.13301282051282048,0.1600055729223406,0.0017986425339366452,0.004589920413305745,1.166856514301791
lstm,6,6,0.01,by final end,0.018518518518518517,0.015120307054217148,0.2739130434782609,0.328445576213688,0.6276972624798712,0.15766052163926927,0.666858683644398,0.1912062513475189,0.9456396321070233,0.05382035809174493,0.333141316355602,0.19120625134751887,0.0543603678929766,0.053820358091744944,1.4125084029963557
lstm,7,7,0.01,by final end,0.0,0.0,0.11621621621621622,0.09453022262756522,0.5581081081081081,0.04726511131378261,0.1765897435897436,0.22906250357221622,0.9221829521829521,0.03548319875930759,0.8234102564102563,0.22906250357221622,0.07781704781704782,0.0354831987593076,1.179757605791141
lstm,8,8,0.01,by final end,0.029166666666666664,0.03952847075210474,0.20789473684210527,0.11846977555181848,0.5893640350877193,0.05166130183427896,0.5170233154567333,0.14336084253661943,0.9083274291497976,0.041920126441408925,0.48297668454326664,0.14336084253661943,0.09167257085020242,0.04192012644140893,1.6273440240990602
lstm,9,9,0.01,by final end,0.01111111111111111,0.026835882863313773,0.0640625,0.08444891309905128,0.5264756944444444,0.031368329852481044,0.16098090277777777,0.1810469581538954,0.9551862980769231,0.04739230939009526,0.8390190972222222,0.18104695815389538,0.04481370192307691,0.047392309390095255,1.2073393772311283
lstm,0,0,0.025,by final end,0.013114754098360656,0.016931074737518762,0.20256410256410257,0.11431923472391593,0.5947246742328709,0.05639228936476115,0.44930954076787405,0.2048782247287444,0.8921597633136095,0.06760602992028682,0.550690459232126,0.2048782247287444,0.1078402366863905,0.06760602992028679,1.256768192027284
lstm,1,1,0.025,by final end,0.0027397260273972603,0.005775849607613478,0.15555555555555553,0.17702171189071528,0.576407914764079,0.08717859821474254,0.5351862980769231,0.12000190533425693,0.9360185185185184,0.06703164348089477,0.4648137019230769,0.12000190533425692,0.0639814814814815,0.06703164348089477,1.1917735113481556
lstm,2,2,0.025,by final end,0.44042553191489364,0.18576957905477423,0.5811320754716981,0.14001305267264785,0.5703532717784022,0.06631628566384071,0.22573454947147145,0.18870888843461936,0.5427249637155297,0.16286196097541125,0.7742654505285286,0.18870888843461936,0.4572750362844703,0.16286196097541122,1.183143292175954
lstm,3,3,0.025,by final end,0.11875,0.06215180787573457,0.34807692307692306,0.156612416642742,0.6146634615384615,0.07054362065278375,0.14357079341811646,0.14984266110048022,0.719319526627219,0.07436494408753251,0.8564292065818835,0.14984266110048025,0.28068047337278107,0.07436494408753253,1.2012906597891986
lstm,4,4,0.025,by final end,0.015789473684210527,0.013589415249850585,0.5467741935483871,0.3198314751638618,0.7654923599320883,0.15339485887935903,0.6830219537201725,0.22365885512025221,0.8865725806451612,0.04310878918672683,0.31697804627982745,0.22365885512025221,0.11342741935483877,0.0431087891867268,1.199438095154906
lstm,5,5,0.025,by final end,0.0012048192771084338,0.0038099730845402163,0.029411764705882353,0.05716619504750295,0.5141034727143869,0.028988084229106183,0.8228632478632477,0.11131781397855145,0.9963009049773757,0.006149438448250515,0.1771367521367522,0.11131781397855145,0.0036990950226244213,0.0061494384482505176,1.134684533238912
lstm,6,6,0.025,by final end,0.024074074074074074,0.017568209223157664,0.34782608695652173,0.350383113151785,0.6618760064412238,0.1689824585478615,0.6540958564931599,0.17148003793657496,0.9196070234113712,0.06282014805234587,0.34590414350684007,0.17148003793657499,0.08039297658862878,0.06282014805234587,1.3319649395080566
lstm,7,7,0.025,by final end,0.0,0.0,0.24324324324324326,0.1413007850572804,0.6216216216216217,0.07065039252864018,0.34636479018057964,0.15594102937747376,0.8572453222453223,0.060003307030153386,0.6536352098194204,0.15594102937747376,0.1427546777546777,0.06000330703015336,1.128116184417842
lstm,8,8,0.025,by final end,0.08333333333333333,0.04392052305789416,0.375,0.21826511025910061,0.6458333333333333,0.09015561614185694,0.5424448098047723,0.1470130104031378,0.8492307692307692,0.06617622790213012,0.4575551901952277,0.14701301040313783,0.1507692307692307,0.06617622790213012,1.5495478083229253
lstm,9,9,0.025,by final end,0.05555555555555556,0.045360921162651446,0.2734375,0.12418353143298295,0.6089409722222222,0.055168783513128275,0.3038941816449408,0.1744654406545778,0.8209705528846154,0.08157555320755185,0.6961058183550592,0.1744654406545778,0.17902944711538463,0.08157555320755185,1.152382605244799
lstm,0,0,0.05,by final end,0.039344262295081964,0.015837570214414686,0.4153846153846154,0.16652415559600073,0.6880201765447668,0.08374940443196895,0.4080568651183076,0.16172278238516993,0.7740877712031559,0.06051789631847227,0.5919431348816924,0.16172278238516993,0.22591222879684417,0.060517896318472264,1.2635916951360924
lstm,1,1,0.05,by final end,0.00684931506849315,0.009686394262829417,0.20370370370370366,0.13775255311371234,0.5984271943176053,0.06494429641165592,0.3912476258309592,0.11816260227047369,0.8858831908831908,0.059835030754675216,0.6087523741690408,0.11816260227047369,0.11411680911680913,0.059835030754675216,1.2095232320478508
lstm,2,2,0.05,by final end,0.5723404255319149,0.1826017338074242,0.6679245283018868,0.16668446564505604,0.547792051384986,0.08832617840528005,0.20574874662964726,0.18693827343788003,0.4693904208998549,0.1716952677140302,0.7942512533703527,0.18693827343788003,0.5306095791001451,0.17169526771403024,1.163890545981333
lstm,3,3,0.05,by final end,0.2854166666666667,0.1198998102841403,0.7019230769230769,0.14340934180254547,0.7082532051282051,0.06604457907874432,0.2980222249273599,0.12120750996327274,0.5181841715976332,0.0923475898264588,0.7019777750726401,0.12120750996327274,0.4818158284023668,0.09234758982645877,1.3734135751920984
lstm,4,4,0.05,by final end,0.02631578947368421,0.017543859649122806,0.6435483870967742,0.26189473878411157,0.8086162988115451,0.12685542318206144,0.6600415283697896,0.18331703126474244,0.8211879652605459,0.05640030194657529,0.33995847163021037,0.1833170312647424,0.1788120347394541,0.05640030194657531,1.1930042223856407
lstm,5,5,0.05,by final end,0.006024096385542169,0.00634995514090036,0.1,0.0834197936713045,0.5469879518072289,0.04389732659366331,0.5657407407407408,0.2626240615091983,0.9678167420814481,0.016607376813808212,0.43425925925925923,0.2626240615091983,0.03218325791855205,0.016607376813808212,1.1363462610887154
lstm,6,6,0.05,by final end,0.04814814814814815,0.03403468827676598,0.508695652173913,0.29881091799547005,0.7302737520128824,0.14214453343995265,0.6180660993572759,0.1366009334706351,0.840698160535117,0.07417003595122725,0.38193390064272414,0.13660093347063507,0.15930183946488294,0.07417003595122723,1.3578216274366501
lstm,7,7,0.05,by final end,0.0,0.0,0.3702702702702703,0.11540677679207119,0.6851351351351351,0.057703388396035594,0.3818479210847632,0.08143728443225348,0.7780197505197506,0.05215772616375151,0.6181520789152368,0.08143728443225351,0.2219802494802495,0.05215772616375151,1.107368557648351
lstm,8,8,0.05,by final end,0.17916666666666667,0.08795077888326425,0.5815789473684211,0.22847467503297836,0.7012061403508772,0.09027296847762377,0.5302400576396841,0.18567958488380806,0.7623456477732794,0.05863706010526721,0.46975994236031593,0.1856795848838081,0.23765435222672063,0.058637060105267216,1.6068065964614113
lstm,9,9,0.05,by final end,0.12777777777777777,0.047574935476537523,0.3734375,0.14042230762655436,0.622829861111111,0.0773779548019912,0.26895252655483903,0.11629821946988855,0.7394290865384615,0.08278211175318292,0.731047473445161,0.11629821946988855,0.2605709134615385,0.08278211175318292,1.2986134948417587
lstm,0,0,0.075,by final end,0.06557377049180328,0.03186312510844427,0.6025641025641025,0.1609245331945533,0.7684951660361496,0.08509844677492992,0.4060160489439336,0.14158647572081082,0.6584220907297831,0.0644078344559398,0.5939839510560664,0.14158647572081084,0.3415779092702169,0.06440783445593978,1.341970569481318
lstm,1,1,0.075,by final end,0.021917808219178082,0.013234134014784876,0.3,0.21977389275895357,0.6390410958904109,0.10717998585970877,0.35286193708252533,0.13861064104436036,0.8297507122507122,0.08962513002864803,0.6471380629174747,0.13861064104436033,0.17024928774928777,0.08962513002864803,1.3369099334399015
lstm,2,2,0.075,by final end,0.7468085106382979,0.07401075374862168,0.730188679245283,0.09288181823445339,0.49169008430349254,0.04573952867103348,0.08955234965766516,0.07992116489202071,0.33831640058055157,0.07590149196479139,0.9104476503423349,0.07992116489202071,0.6616835994194484,0.07590149196479137,1.238589557581453
lstm,3,3,0.075,by final end,0.38541666666666663,0.1486987021205823,0.8211538461538461,0.14786726193849906,0.7178685897435897,0.08204652604015747,0.27838224102299464,0.1248757077078247,0.4156656804733728,0.12032938271642048,0.7216177589770054,0.1248757077078247,0.5843343195266272,0.12032938271642046,1.3300155381055476
lstm,4,4,0.075,by final end,0.04473684210526315,0.021665068482856962,0.6580645161290323,0.28800348143474575,0.8066638370118845,0.14951107705533725,0.5797019083977542,0.18434512480256146,0.7688895781637717,0.0701744270620507,0.4202980916022458,0.1843451248025614,0.23111042183622832,0.07017442706205072,1.3045424434736748
lstm,5,5,0.075,by final end,0.006024096385542169,0.00634995514090036,0.10588235294117647,0.08680762204383788,0.5499291282778171,0.04485633545855849,0.46206552706552706,0.23341193770084015,0.9566855203619908,0.020444532020778238,0.5379344729344729,0.23341193770084015,0.04331447963800903,0.02044453202077823,1.1789267630161773
lstm,6,6,0.075,by final end,0.1037037037037037,0.039235181684125195,0.7130434782608696,0.11263396653753885,0.8046698872785829,0.055316737712775954,0.6356409238613228,0.044892480394169036,0.7439673913043479,0.025406812029982698,0.3643590761386773,0.04489248039416907,0.2560326086956522,0.025406812029982698,1.41914371599016
lstm,7,7,0.075,by final end,0.0015873015873015873,0.005019488349473618,0.48108108108108105,0.17459822047388315,0.7397468897468897,0.08758044020718522,0.39026284254960725,0.15560236489423,0.7293659043659044,0.07456546568830837,0.6097371574503928,0.15560236489423,0.27063409563409563,0.07456546568830834,1.180142025192461
lstm,8,8,0.075,by final end,0.3375,0.13951248893164092,0.8276315789473685,0.09040834486470674,0.7450657894736843,0.063586512795187,0.6193099582774513,0.12261461968052166,0.6905642712550607,0.08053451521171488,0.3806900417225487,0.12261461968052167,0.3094357287449393,0.08053451521171487,2.2316308460136205
lstm,9,9,0.075,by final end,0.18333333333333332,0.08198497637473577,0.4640625,0.15781335945860575,0.6403645833333333,0.09560970711663562,0.32479139749469044,0.18316874537372965,0.7077013221153846,0.08951737288343377,0.6752086025053096,0.1831687453737296,0.2922986778846154,0.08951737288343377,1.3082426820248527
lstm,0,0,0.1,by final end,0.10655737704918034,0.033906212147516004,0.7666666666666666,0.13210589969422268,0.8300546448087431,0.07527438456805335,0.38887937712985265,0.12853204358453443,0.5445414201183432,0.05059497888503891,0.6111206228701473,0.1285320435845344,0.4554585798816568,0.050594978885038895,1.316101139068604
lstm,1,1,0.1,by final end,0.03150684931506849,0.021466044335238646,0.4222222222222222,0.22844510629571116,0.6953576864535769,0.1089543415734501,0.37618975795446385,0.13043644503411503,0.7622293447293448,0.09463373498622954,0.6238102420455361,0.130436445034115,0.23777065527065527,0.09463373498622955,1.2994607515219192
lstm,2,2,0.1,by final end,0.7893617021276595,0.052549315043525405,0.7981132075471697,0.07602002072146828,0.5043757527097551,0.03779059285694373,0.09522345331976606,0.048668354905538336,0.27998185776487666,0.053633711451427764,0.9047765466802339,0.048668354905538336,0.7200181422351234,0.053633711451427764,1.2686036409552943
lstm,3,3,0.1,by final end,0.4708333333333333,0.11032709504575278,0.9038461538461539,0.030066767691175875,0.7165064102564103,0.05334904633410573,0.2940189385314039,0.09259185525764739,0.36100221893491125,0.09415177752181451,0.7059810614685962,0.09259185525764736,0.6389977810650888,0.09415177752181453,1.4373783522772035
lstm,4,4,0.1,by final end,0.11578947368421053,0.08432010414524853,0.6193548387096774,0.2920300248906315,0.7517826825127335,0.179351324017571,0.4972468208073978,0.1482929460443274,0.7257630272952853,0.07778725683720025,0.5027531791926022,0.14829294604432736,0.27423697270471475,0.07778725683720024,1.4585134535807533
lstm,5,5,0.1,by final end,0.008433734939759036,0.005819830018549976,0.0823529411764706,0.07940571267182975,0.5369596031183558,0.04117073363160806,0.3783333333333333,0.16701997807724406,0.9575113122171945,0.02095582595292204,0.6216666666666666,0.16701997807724403,0.042488687782805415,0.020955825952921996,1.2144896005860928
lstm,6,6,0.1,by final end,0.1259259259259259,0.03578117715108503,0.7521739130434782,0.09234511491057383,0.8131239935587761,0.04809691243996343,0.5936288423145587,0.039425605947665955,0.6960660535117056,0.031051336468254347,0.4063711576854413,0.03942560594766597,0.3039339464882943,0.031051336468254347,1.5004456595134852
lstm,7,7,0.1,by final end,0.009523809523809523,0.011098506329842873,0.6405405405405405,0.1596654647323452,0.8155083655083655,0.07960732358062667,0.47787111595301246,0.11649108976644554,0.6806496881496882,0.0374961251831501,0.5221288840469875,0.11649108976644551,0.3193503118503118,0.037496125183150084,1.2044433745544403
lstm,8,8,0.1,by final end,0.5208333333333334,0.13065894251546376,0.8605263157894736,0.1682976521612577,0.6698464912280702,0.04604523402016864,0.5113207455677756,0.12208673484778315,0.5959792510121458,0.05891144200998914,0.4886792544322244,0.12208673484778315,0.4040207489878543,0.058911442009989136,2.503797009262702
lstm,9,9,0.1,by final end,0.2694444444444445,0.06148873228105181,0.5703125,0.18240323966497354,0.6504340277777778,0.09828942112836184,0.3079686219117934,0.15924664963162377,0.6288491586538462,0.06136934476808648,0.6920313780882066,0.15924664963162374,0.37115084134615384,0.06136934476808649,1.2964065126402833
lstm,0,0,0.15,by final end,0.14754098360655737,0.06912082317307933,0.864102564102564,0.09129709533830142,0.8582807902480033,0.04619459186158956,0.36497362911246395,0.10241508157487653,0.45512327416173576,0.08323329705309238,0.635026370887536,0.10241508157487654,0.5448767258382643,0.08323329705309239,1.510120467363018
lstm,1,1,0.15,by final end,0.08630136986301369,0.04086694216486657,0.7555555555555555,0.11475506210984938,0.8346270928462708,0.05931306546153829,0.446143397282542,0.04180533761777889,0.5846581196581196,0.047328905897859694,0.5538566027174581,0.041805337617778854,0.41534188034188035,0.04732890589785968,1.3338527617758746
lstm,2,2,0.15,by final end,0.8936170212765957,0.05114257128317715,0.911320754716981,0.038820878898140766,0.5088518667201927,0.036645476755644724,0.12805885305540565,0.03176097826325227,0.20623004354136434,0.02235468285211049,0.8719411469445945,0.03176097826325229,0.7937699564586357,0.02235468285211051,1.3349554550862008
lstm,3,3,0.15,by final end,0.6041666666666667,0.08673608331108884,0.9538461538461538,0.01621680851368399,0.6748397435897436,0.03959987456730413,0.2397778526795334,0.08950718417233197,0.2742825443786982,0.09188936092367544,0.7602221473204666,0.08950718417233197,0.7257174556213017,0.09188936092367544,1.4857666832572343
lstm,4,4,0.15,by final end,0.19210526315789472,0.08139481199762838,0.7435483870967742,0.2334163174371586,0.7757215619694398,0.14802113222416938,0.489372769945762,0.1323437309552797,0.6461538461538462,0.0593056651456384,0.510627230054238,0.1323437309552797,0.3538461538461538,0.05930566514563841,1.9745114802485588
lstm,5,5,0.15,by final end,0.012048192771084338,0.008032128514056226,0.17058823529411765,0.12229385199617784,0.5792700212615166,0.06127866946281016,0.45253571428571426,0.21029125577947655,0.9274321266968325,0.028938315790899057,0.5474642857142857,0.21029125577947658,0.07256787330316741,0.02893831579089905,1.2506576885125322
lstm,6,6,0.15,by final end,0.18518518518518517,0.03703703703703703,0.8369565217391305,0.059092414602536544,0.8258856682769725,0.032889538318932966,0.5565258767427108,0.024201566668864995,0.628950668896321,0.03186022407760241,0.44347412325728913,0.024201566668865,0.37104933110367894,0.03186022407760239,1.459908753378708
lstm,7,7,0.15,by final end,0.030158730158730156,0.020423554566792363,0.745945945945946,0.12753397022837037,0.8578936078936078,0.06006697559145547,0.4562964706630887,0.037115621507653594,0.5968555093555094,0.05781562704641741,0.5437035293369112,0.0371156215076536,0.40314449064449065,0.057815627046417406,1.245031850732591
lstm,8,8,0.15,by final end,0.725,0.09860132971832693,0.9421052631578947,0.08020441719763126,0.6085526315789473,0.04380479025315393,0.41611132537273027,0.0705656450900686,0.4536715587044534,0.04325215187832948,0.5838886746272698,0.07056564509006862,0.5463284412955466,0.043252151878329474,2.632296505067694
lstm,9,9,0.15,by final end,0.48611111111111105,0.1748259961898075,0.675,0.22712155641613785,0.5944444444444444,0.10238215533631828,0.27045387212651584,0.1701714717306586,0.5381640625,0.09405807029577072,0.729546127873484,0.17017147173065864,0.46183593749999996,0.09405807029577071,1.6087085237732766
lstm,0,0,0.2,by final end,0.24918032786885247,0.0550802324299635,0.9179487179487179,0.07529133519844528,0.8343841950399329,0.03608699834469342,0.2646027179244152,0.04779154256757776,0.3267603550295858,0.048417822672481785,0.7353972820755847,0.04779154256757778,0.6732396449704142,0.04841782267248172,1.5257451426618458
lstm,1,1,0.2,by final end,0.14383561643835616,0.056017553179841535,0.8074074074074075,0.14794224374266907,0.8317858954845256,0.07141829376756857,0.396010385434668,0.053532984195346515,0.5183689458689458,0.057745242520962164,0.6039896145653321,0.05353298419534652,0.4816310541310541,0.057745242520962185,1.7381800399092338
lstm,2,2,0.2,by final end,0.9361702127659575,0.03171727627659278,0.911320754716981,0.05903245298242673,0.4875752709755118,0.02767424524133845,0.12263654314144945,0.03385232393648895,0.2003701015965167,0.061152728038652245,0.8773634568585505,0.03385232393648898,0.7996298984034833,0.06115272803865227,1.4657652115675215
lstm,3,3,0.2,by final end,0.6770833333333333,0.05912981377057778,0.9653846153846153,0.015169435341281056,0.644150641025641,0.026206401487860707,0.23857646443192665,0.057501678350838664,0.2649445266272189,0.05662292492072453,0.7614235355680734,0.05750167835083859,0.7350554733727811,0.056622924920724495,1.8754050807543503
lstm,4,4,0.2,by final end,0.2894736842105263,0.0607737125462764,0.7983870967741936,0.18440938587249997,0.7544567062818336,0.11322831877305434,0.4242243071581167,0.07986564881901997,0.5527264267990074,0.06603110089638292,0.5757756928418833,0.07986564881901997,0.4472735732009926,0.06603110089638295,2.808613576295657
lstm,5,5,0.2,by final end,0.01927710843373494,0.00842416745518194,0.18823529411764706,0.1066782000685133,0.5844790928419561,0.05502879785669186,0.40577564102564095,0.21470161695945716,0.9068212669683258,0.02960282578510777,0.594224358974359,0.21470161695945722,0.0931787330316742,0.029602825785107766,1.2252734227666207
lstm,6,6,0.2,by final end,0.37592592592592594,0.12439458632817575,0.8978260869565217,0.04105569702671101,0.760950080515298,0.06322111687236193,0.4471873191222315,0.05067699784947758,0.5033612040133779,0.05386986178631205,0.5528126808777685,0.05067699784947754,0.49663879598662203,0.05386986178631203,1.5367276370881267
lstm,7,7,0.2,by final end,0.06031746031746031,0.023424278964210215,0.7945945945945947,0.13005464816301682,0.8671385671385672,0.06574820944748054,0.42814557130740044,0.06680912118060306,0.5516995841995842,0.0515111897845823,0.5718544286925995,0.06680912118060307,0.44830041580041574,0.05151118978458231,1.403091907825034
lstm,8,8,0.2,by final end,0.8666666666666666,0.0828690771676461,0.9736842105263157,0.03922926276315416,0.5535087719298246,0.04239072841086019,0.3415881758499819,0.04529241680533757,0.35970141700404856,0.03881883033716442,0.6584118241500181,0.04529241680533757,0.6402985829959514,0.03881883033716442,2.5309042293176147
lstm,9,9,0.2,by final end,0.7194444444444444,0.10674283545892292,0.8421875,0.0950288927189457,0.5613715277777778,0.054650055155370914,0.22381090743754678,0.13940452664301473,0.35467848557692305,0.0909557533544132,0.7761890925624532,0.13940452664301475,0.645321514423077,0.0909557533544132,1.669700510628966
lstm,0,0,0.3,by final end,0.3688524590163934,0.0864873868379476,0.9743589743589742,0.038223384230765635,0.8027532576712904,0.03796431739786197,0.21253659162566044,0.027016669173490552,0.23297337278106509,0.03434335490211752,0.7874634083743396,0.027016669173490587,0.7670266272189349,0.034343354902117526,1.630473433670438
lstm,1,1,0.3,by final end,0.27671232876712326,0.020215473626647173,0.9185185185185185,0.09038521095171913,0.8209030948756976,0.04942989621550484,0.3537732228783232,0.037494657492958876,0.4091239316239316,0.03409183485327049,0.6462267771216768,0.0374946574929589,0.5908760683760683,0.034091834853270477,1.9638592858582935
lstm,2,2,0.3,by final end,0.9851063829787234,0.02253935969088043,0.9377358490566039,0.035633246476013306,0.47631473303894023,0.0133805031070158,0.09909343708841967,0.018435199547248798,0.15503628447024675,0.04020955941318606,0.9009065629115802,0.01843519954724881,0.8449637155297532,0.04020955941318605,1.7659284368554835
lstm,3,3,0.3,by final end,0.8479166666666667,0.02786444812185955,0.9942307692307691,0.009289344068070172,0.5731570512820513,0.011154493403134721,0.1583015721081332,0.024173514009041528,0.16326183431952662,0.02099749607804989,0.8416984278918669,0.024173514009041525,0.8367381656804733,0.02099749607804987,2.0337397762470566
lstm,4,4,0.3,by final end,0.47105263157894733,0.06499520544857088,0.9419354838709678,0.021772534119695285,0.7354414261460102,0.03162450972099464,0.3427671056270521,0.04167276675561531,0.3810732009925558,0.03960157058888313,0.657232894372948,0.04167276675561529,0.6189267990074442,0.039601570588883105,2.513322593627303
lstm,5,5,0.3,by final end,0.03614457831325301,0.02602707107794321,0.2705882352941177,0.12150535988101699,0.6172218284904323,0.06276134626630381,0.42458745421245425,0.17390987322554652,0.8621719457013575,0.03045693891793182,0.5754125457875457,0.1739098732255465,0.13782805429864253,0.030456938917931827,1.3959105968814625
lstm,6,6,0.3,by final end,0.6574074074074074,0.06429835387654215,0.9282608695652174,0.060670828083868096,0.635426731078905,0.045078661079910855,0.31495011155482106,0.032358751723060984,0.3654807692307692,0.02689901869629148,0.6850498884451789,0.03235875172306099,0.6345192307692308,0.026899018696291466,1.9305099356404054
lstm,7,7,0.3,by final end,0.14126984126984127,0.07076905006718605,0.9216216216216215,0.07585778174782301,0.8901758901758902,0.05161829793682372,0.38985866659598195,0.034198242538652945,0.43870582120582113,0.043204050189057486,0.610141333404018,0.03419824253865293,0.5612941787941789,0.043204050189057534,1.665725696977588
lstm,8,8,0.3,by final end,0.9791666666666666,0.03540985773328325,0.9973684210526315,0.005547855544155066,0.5091008771929825,0.015158658002992702,0.25617840755735494,0.011845447988563348,0.25812753036437247,0.0129888576289822,0.743821592442645,0.011845447988563343,0.7418724696356275,0.012988857628982227,2.0180642251245127
lstm,9,9,0.3,by final end,0.8916666666666666,0.07905694150420947,0.94375,0.034704856768661835,0.5260416666666667,0.030542729315554157,0.18292415405632617,0.06376941456243473,0.22973257211538461,0.054156468640623796,0.8170758459436739,0.06376941456243475,0.7702674278846154,0.05415646864062384,2.3325509792489325
mlp,0,0,0.01,by earliest stop,0.0,0.0,0.0,0.0,0.5,0.0,,,1.0,0.0,,,0.0,0.0,1.0799663705566505
mlp,1,1,0.01,by earliest stop,0.0,0.0,0.0,0.0,0.5,0.0,,,1.0,0.0,,,0.0,0.0,1.0307739566505196
mlp,2,2,0.01,by earliest stop,0.0,0.0,0.0056603773584905665,0.009114073425276377,0.5028301886792452,0.00455703671263821,0.990521327014218,0.008208771599852463,0.9999463471340426,0.0001131101729470993,0.009478672985782014,0.008208771599852456,5.3652865957254384e-05,0.00011311017294709913,1.0886212181728718
mlp,3,3,0.01,by earliest stop,0.02708333333333333,0.03113404412702763,0.05576923076923077,0.06178502953857174,0.5143429487179487,0.020272594252954027,0.41216577540106947,0.10488289566067306,0.9665055532702592,0.03898436839922514,0.5878342245989304,0.10488289566067302,0.033494446729740876,0.03898436839922511,1.0220809418888717
mlp,4,4,0.01,by earliest stop,0.0,0.0,0.0,0.0,0.5,0.0,,,1.0,0.0,,,0.0,0.0,1.0142759782863384
mlp,5,5,0.01,by earliest stop,0.0,0.0,0.0,0.0,0.5,0.0,,,1.0,0.0,,,0.0,0.0,1.035403594132228
mlp,6,6,0.01,by earliest stop,0.0,0.0,0.0,0.0,0.5,0.0,,,1.0,0.0,,,0.0,0.0,1.055390910066621
mlp,7,7,0.01,by earliest stop,0.0,0.0,0.0,0.0,0.5,0.0,,,1.0,0.0,,,0.0,0.0,1.0461837391811408
mlp,8,8,0.01,by earliest stop,0.0,0.0,0.0381578947368421,0.051691159714337145,0.5190789473684211,0.025845579857168587,0.7155996472663139,0.2088980601902629,0.9908395989974939,0.013766391397921945,0.28440035273368613,0.20889806019026294,0.009160401002506235,0.013766391397921974,1.1597831149000952
mlp,9,9,0.01,by earliest stop,0.0,0.0,0.0078125,0.01327869664998121,0.50390625,0.006639348324990604,0.9481327800829876,0.00748039683706225,0.9995915456431537,0.0007076188228287769,0.05186721991701245,0.007480396837062239,0.0004084543568464771,0.0007076188228287654,1.1243699099462199
mlp,0,0,0.025,by earliest stop,0.0,0.0,0.0,0.0,0.5,0.0,,,1.0,0.0,,,0.0,0.0,1.0443054670610337
mlp,1,1,0.025,by earliest stop,0.0,0.0,0.0,0.0,0.5,0.0,,,1.0,0.0,,,0.0,0.0,1.0176963355140036
mlp,2,2,0.025,by earliest stop,0.002127659574468085,0.006728250340783786,0.016981132075471698,0.0207642440493323,0.5074267362505018,0.008501207105188582,0.8205371248025276,0.1768491666116438,0.9972011088258965,0.0054227795832788575,0.17946287519747234,0.1768491666116438,0.002798891174103535,0.005422779583278853,1.025517893646943
mlp,3,3,0.025,by earliest stop,0.05416666666666666,0.029788348041010024,0.11346153846153846,0.07164017215871031,0.5296474358974359,0.0249700766934193,0.38350276060837557,0.17539661882608973,0.9270876182640888,0.05367156414085249,0.6164972393916244,0.17539661882608973,0.07291238173591114,0.05367156414085249,1.008194040214917
mlp,4,4,0.025,by earliest stop,0.0,0.0,0.0,0.0,0.5,0.0,,,1.0,0.0,,,0.0,0.0,1.0007306585263804
mlp,5,5,0.025,by earliest stop,0.0,0.0,0.0,0.0,0.5,0.0,,,1.0,0.0,,,0.0,0.0,1.0171598968176574
mlp,6,6,0.025,by earliest stop,0.0,0.0,0.0,0.0,0.5,0.0,,,1.0,0.0,,,0.0,0.0,1.034542828987981
mlp,7,7,0.025,by earliest stop,0.0,0.0,0.0,0.0,0.5,0.0,,,1.0,0.0,,,0.0,0.0,1.022946559023687
mlp,8,8,0.025,by earliest stop,0.0,0.0,0.05394736842105263,0.07245475976765509,0.5269736842105263,0.03622737988382755,0.6266742252456539,0.1446607965464573,0.977827903091061,0.029421402134081474,0.3733257747543462,0.14466079654645725,0.02217209690893902,0.029421402134081478,1.0620784238899987
mlp,9,9,0.025,by earliest stop,0.0,0.0,0.015625,0.01647019614671031,0.5078125,0.00823509807335516,0.8639004149377595,0.08484183569688121,0.9978734439834025,0.002854628364667407,0.13609958506224062,0.08484183569688121,0.002126556016597514,0.002854628364667407,1.0723927775662445
mlp,0,0,0.05,by earliest stop,0.0,0.0,0.0,0.0,0.5,0.0,,,1.0,0.0,,,0.0,0.0,1.039881585566639
mlp,1,1,0.05,by earliest stop,0.0,0.0,0.0,0.0,0.5,0.0,,,1.0,0.0,,,0.0,0.0,1.0155288798321371
mlp,2,2,0.05,by earliest stop,0.27872340425531916,0.2536291586414571,0.2037735849056604,0.19299057523532748,0.4625250903251706,0.04017885703134861,0.2025951296790438,0.3150134838770639,0.8168112313332738,0.18265245296387028,0.7974048703209562,0.3150134838770639,0.18318876866672626,0.1826524529638703,1.0294724857943307
mlp,3,3,0.05,by earliest stop,0.0375,0.033735993893030884,0.08461538461538462,0.08118533435378238,0.5235576923076923,0.02541242020191434,0.46969378660555133,0.21906583494810422,0.9512032085561497,0.05918707955433429,0.5303062133944487,0.21906583494810422,0.04879679144385028,0.0591870795543343,1.0705910316754201
mlp,4,4,0.05,by earliest stop,0.0,0.0,0.0,0.0,0.5,0.0,,,1.0,0.0,,,0.0,0.0,1.004141649805859
mlp,5,5,0.05,by earliest stop,0.0,0.0,0.0,0.0,0.5,0.0,,,1.0,0.0,,,0.0,0.0,1.0082271200944504
mlp,6,6,0.05,by earliest stop,0.0,0.0,0.0,0.0,0.5,0.0,,,1.0,0.0,,,0.0,0.0,1.0457422952346866
mlp,7,7,0.05,by earliest stop,0.0,0.0,0.0,0.0,0.5,0.0,,,1.0,0.0,,,0.0,0.0,1.0533989191250102
mlp,8,8,0.05,by earliest stop,0.0,0.0,0.10657894736842106,0.12913669118717788,0.5532894736842106,0.06456834559358894,0.7000912287620362,0.218399859052124,0.9760526315789473,0.03087813584402959,0.2999087712379637,0.21839985905212403,0.023947368421052617,0.03087813584402959,1.075632006992477
mlp,9,9,0.05,by earliest stop,0.0,0.0,0.0171875,0.018706546870904138,0.50859375,0.009353273435452066,0.715076071922545,0.26417522973027874,0.9944177904564315,0.010520637727608992,0.28492392807745504,0.26417522973027874,0.005582209543568461,0.01052063772760901,1.142414258995412
mlp,0,0,0.075,by earliest stop,0.0,0.0,0.0,0.0,0.5,0.0,,,1.0,0.0,,,0.0,0.0,1.077301094221479
mlp,1,1,0.075,by earliest stop,0.0,0.0,0.0,0.0,0.5,0.0,,,1.0,0.0,,,0.0,0.0,1.043650339306475
mlp,2,2,0.075,by earliest stop,0.30638297872340425,0.3205171616982646,0.27547169811320754,0.2800261053452957,0.4845443596949016,0.022127890367031278,0.1716572841177896,0.35817372424296356,0.73663596530448,0.2773290402894575,0.8283427158822104,0.35817372424296356,0.26336403469552,0.2773290402894575,1.2411481329392395
mlp,3,3,0.075,by earliest stop,0.058333333333333334,0.04791163419627873,0.14807692307692308,0.11432921884937701,0.5448717948717949,0.0353675243366669,0.4180430754628616,0.23410493000053206,0.9065816536404772,0.09139679734504473,0.5819569245371384,0.23410493000053206,0.09341834635952287,0.09139679734504474,1.0381397206132679
mlp,4,4,0.075,by earliest stop,0.0,0.0,0.0,0.0,0.5,0.0,,,1.0,0.0,,,0.0,0.0,1.14384962157142
mlp,5,5,0.075,by earliest stop,0.0,0.0,0.0,0.0,0.5,0.0,,,1.0,0.0,,,0.0,0.0,1.0320179608540803
mlp,6,6,0.075,by earliest stop,0.0,0.0,0.0,0.0,0.5,0.0,,,1.0,0.0,,,0.0,0.0,1.0819611205008521
mlp,7,7,0.075,by earliest stop,0.0,0.0,0.0,0.0,0.5,0.0,,,1.0,0.0,,,0.0,0.0,1.1544433590923853
mlp,8,8,0.075,by earliest stop,0.1,0.12909944487358055,0.3881578947368421,0.17012230134403047,0.6440789473684211,0.05360784376470918,0.7634396271305872,0.23186429960140403,0.9344319131161235,0.043501332354861415,0.23656037286941273,0.23186429960140403,0.06556808688387641,0.043501332354861415,1.1213736943347778
mlp,9,9,0.075,by earliest stop,0.01388888888888889,0.03525820882344402,0.0359375,0.05105760805480196,0.5110243055555556,0.01243910116028302,0.45348547717842325,0.30130369039302957,0.9753630705394191,0.04277890699439071,0.5465145228215766,0.3013036903930295,0.024636929460580916,0.042778906994390714,1.1485529276400843
mlp,0,0,0.1,by earliest stop,0.0,0.0,0.0,0.0,0.5,0.0,,,1.0,0.0,,,0.0,0.0,1.1081098781856917
mlp,1,1,0.1,by earliest stop,0.0,0.0,0.0,0.0,0.5,0.0,,,1.0,0.0,,,0.0,0.0,1.0252086963732443
mlp,2,2,0.1,by earliest stop,0.4382978723404255,0.33162380398100594,0.39245283018867927,0.29670607055885323,0.47707747892412683,0.021319642333941024,0.035001534806883484,0.0340097591193646,0.6187337923634088,0.2914439048449273,0.9649984651931165,0.03400975911936459,0.38126620763659125,0.2914439048449274,1.198600279154602
mlp,3,3,0.1,by earliest stop,0.06875,0.06292295161152386,0.17115384615384616,0.1330649419042111,0.5512019230769231,0.038341622922161346,0.39505929093400444,0.20570123176800698,0.8880296174413822,0.11248072795738358,0.6049407090659955,0.20570123176800692,0.11197038255861784,0.11248072795738358,1.0896026630500826
mlp,4,4,0.1,by earliest stop,0.007894736842105263,0.02496534994869773,0.004838709677419355,0.010886267059847627,0.49847198641765705,0.00807369487284859,0.5251196172248803,0.6309828454128762,0.9969825590368885,0.00938042120717402,0.4748803827751196,0.6309828454128761,0.003017440963111584,0.009380421207174012,1.1477026859522608
mlp,5,5,0.1,by earliest stop,0.0,0.0,0.0,0.0,0.5,0.0,,,1.0,0.0,,,0.0,0.0,1.0051398230636412
mlp,6,6,0.1,by earliest stop,0.0,0.0,0.002173913043478261,0.006874516652539955,0.5010869565217392,0.0034372583262700044,0.08421052631578947,,0.9980091533180777,0.006295609987062927,0.9157894736842105,,0.0019908466819222093,0.006295609987062945,1.0798862532056916
mlp,7,7,0.1,by earliest stop,0.0,0.0,0.0,0.0,0.5,0.0,,,1.0,0.0,,,0.0,0.0,1.1302722357893258
mlp,8,8,0.1,by earliest stop,0.5291666666666667,0.2771172702692517,0.7171052631578948,0.21273060197855745,0.5939692982456141,0.04319999180065775,0.7820996293164593,0.15732296315544847,0.8717293233082707,0.03522877126668306,0.21790037068354068,0.15732296315544853,0.12827067669172929,0.03522877126668306,1.0510016093792478
mlp,9,9,0.1,by earliest stop,0.03888888888888889,0.0573775310549247,0.0578125,0.07218757515628604,0.5094618055555555,0.010937729641916088,0.2249792531120332,0.1225431407126519,0.9525220435684647,0.062247342422183216,0.7750207468879667,0.12254314071265189,0.047477956431535275,0.06224734242218322,1.172756177335083
mlp,0,0,0.15,by earliest stop,0.0,0.0,0.0,0.0,0.5,0.0,,,1.0,0.0,,,0.0,0.0,1.1763817938406915
mlp,1,1,0.15,by earliest stop,0.0,0.0,0.0,0.0,0.5,0.0,,,1.0,0.0,,,0.0,0.0,1.0188938204947469
mlp,2,2,0.15,by earliest stop,0.31702127659574464,0.35439000272366794,0.3452830188679245,0.3011061710247466,0.5141308711360899,0.0405796481506711,0.15115601881004725,0.1333376421192175,0.6828936779039614,0.31052314247046797,0.8488439811899527,0.1333376421192175,0.3171063220960386,0.31052314247046797,1.04446014123593
mlp,3,3,0.15,by earliest stop,0.10833333333333335,0.12219065248845984,0.25961538461538464,0.22758667277021452,0.5756410256410256,0.05767895144541214,0.37264491236455694,0.26703630106862386,0.8125051419169067,0.2224393797923143,0.6273550876354432,0.2670363010686239,0.18749485808309338,0.22243937979231432,1.0839434722097387
mlp,4,4,0.15,by earliest stop,0.013157894736842105,0.041608916581162884,0.01129032258064516,0.020188154145718912,0.49906621392190154,0.012068071269939536,0.5565191387559809,0.3628135561707803,0.9925374286155272,0.01908841880981953,0.44348086124401914,0.36281355617078037,0.007462571384472904,0.019088418809819527,1.0926564499704905
mlp,5,5,0.15,by earliest stop,0.0,0.0,0.0,0.0,0.5,0.0,,,1.0,0.0,,,0.0,0.0,0.9500797057699433
mlp,6,6,0.15,by earliest stop,0.0,0.0,0.004347826086956522,0.01374903330507991,0.5021739130434782,0.006874516652539952,0.08421052631578947,,0.9960183066361555,0.01259121997412584,0.9157894736842105,,0.003981693363844396,0.01259121997412582,1.083657534515947
mlp,7,7,0.15,by earliest stop,0.0,0.0,0.0,0.0,0.5,0.0,,,1.0,0.0,,,0.0,0.0,1.0844319319459022
mlp,8,8,0.15,by earliest stop,0.9,0.0790569415042095,0.9381578947368421,0.027773930173662385,0.5190789473684211,0.028373498227431335,0.804082263746583,0.0382483658799327,0.815906432748538,0.03770836586441206,0.19591773625341707,0.038248365879932696,0.18409356725146203,0.03770836586441207,1.066326870407575
mlp,9,9,0.15,by earliest stop,0.05,0.09868824144054984,0.0890625,0.09491464092804651,0.51953125,0.006911210018805678,0.4542510780245708,0.37107775588442066,0.9286955394190871,0.1024030011252223,0.5457489219754292,0.37107775588442066,0.07130446058091286,0.1024030011252223,1.102128768537622
mlp,0,0,0.2,by earliest stop,0.0,0.0,0.0,0.0,0.5,0.0,,,1.0,0.0,,,0.0,0.0,1.0770282867055503
mlp,1,1,0.2,by earliest stop,0.0,0.0,0.007407407407407407,0.015616185976140144,0.5037037037037038,0.007808092988070074,0.13761467889908258,0.0,0.9936119605844377,0.013467169557405251,0.8623853211009174,0.0,0.006388039415562341,0.013467169557405241,0.9873248937111734
mlp,2,2,0.2,by earliest stop,0.5765957446808511,0.3409349026082666,0.6056603773584905,0.33768958375124813,0.5145323163388198,0.03903505021694833,0.16469283829997225,0.29871887880083603,0.4252883841545202,0.36513053029881964,0.8353071617000278,0.298718878800836,0.5747116158454798,0.36513053029881964,1.0980201288066145
mlp,3,3,0.2,by earliest stop,0.15416666666666667,0.1410252363371557,0.3384615384615385,0.18472219132643974,0.5921474358974359,0.04141077185164288,0.3358657386833569,0.22365954921526526,0.7535993418346358,0.20219870653292782,0.6641342613166431,0.22365954921526526,0.24640065816536408,0.20219870653292782,1.043415599485021
mlp,4,4,0.2,by earliest stop,0.021052631578947368,0.042613887022775854,0.06935483870967742,0.038806628887351806,0.524151103565365,0.02204993850422536,0.6507936507936508,0.3082206561473658,0.9769871893810773,0.027219022518305325,0.3492063492063492,0.3082206561473658,0.023012810618922675,0.027219022518305328,1.1915933442742763
mlp,5,5,0.2,by earliest stop,0.0,0.0,0.0,0.0,0.5,0.0,,,1.0,0.0,,,0.0,0.0,0.8519552022036286
mlp,6,6,0.2,by earliest stop,0.0,0.0,0.006521739130434782,0.014672794732838107,0.5032608695652174,0.007336397366419054,0.10263157894736842,0.026051302464767542,0.9941075514874141,0.01334698148761938,0.8973684210526316,0.02605130246476758,0.005892448512585813,0.013346981487619362,1.0720068199284076
mlp,7,7,0.2,by earliest stop,0.0,0.0,0.002702702702702703,0.008546696378833459,0.5013513513513513,0.0042733481894167355,0.0,,0.9972972972972973,0.008546696378833483,1.0,,0.002702702702702697,0.00854669637883344,1.0354021590760458
mlp,8,8,0.2,by earliest stop,0.9458333333333334,0.0922330984215777,0.9657894736842104,0.06912592387665105,0.5099780701754386,0.014440141444206675,0.696208590856015,0.08640315969745138,0.7065789473684211,0.0864985386777829,0.30379140914398495,0.08640315969745144,0.29342105263157897,0.08649853867778291,1.1426907498246295
mlp,9,9,0.2,by earliest stop,0.05555555555555556,0.1289665581220752,0.240625,0.14191155304938666,0.5925347222222223,0.05689455055980241,0.6363834482679624,0.26045984538473627,0.910347510373444,0.12228915413277065,0.3636165517320375,0.26045984538473627,0.08965248962655603,0.12228915413277067,1.1844312251654976
mlp,0,0,0.3,by earliest stop,0.001639344262295082,0.005184061737980949,0.002564102564102564,0.008108404256841997,0.5004623791509037,0.0014621712594305035,0.0,,0.9974358974358974,0.008108404256842006,1.0,,0.0025641025641025663,0.008108404256842004,1.0495132060716323
mlp,1,1,0.3,by earliest stop,0.01643835616438356,0.027244628109911042,0.037037037037037035,0.039040464940350364,0.5102993404363267,0.01311473107671947,0.22362385321100917,0.180734818141606,0.9720183486238533,0.031147463420976122,0.7763761467889908,0.18073481814160602,0.027981651376146797,0.0311474634209761,0.9352775142290414
mlp,2,2,0.3,by earliest stop,0.9595744680851064,0.04645254721649027,0.9773584905660379,0.017338426103258135,0.5088920112404657,0.017260341269172287,0.0638819557373297,0.06878088262631309,0.08561208977912904,0.0610062566130744,0.9361180442626702,0.06878088262631307,0.914387910220871,0.061006256613074406,1.049573137020645
mlp,3,3,0.3,by earliest stop,0.6,0.14123026465429067,0.7596153846153847,0.11863304822642146,0.5798076923076924,0.024564519279277944,0.03428411004614214,0.046088758449712844,0.2621452077334431,0.13692034195840097,0.9657158899538579,0.04608875844971282,0.737854792266557,0.13692034195840094,1.01118472392301
mlp,4,4,0.3,by earliest stop,0.2947368421052632,0.18927865205980599,0.3532258064516129,0.14634128128904367,0.5292444821731749,0.037827230057064044,0.39888065806019685,0.2991396484327022,0.763952770489273,0.1734371086242012,0.6011193419398031,0.2991396484327022,0.23604722951072693,0.1734371086242012,1.0623250142598764
mlp,5,5,0.3,by earliest stop,0.0,0.0,0.0,0.0,0.5,0.0,,,1.0,0.0,,,0.0,0.0,0.8380666670850735
mlp,6,6,0.3,by earliest stop,0.0037037037037037034,0.007808092988070072,0.021739130434782608,0.02291505550846652,0.5090177133655395,0.010088894895249377,0.13157894736842105,0.035384708029413924,0.9808237986270024,0.020785778766480835,0.8684210526315789,0.035384708029413924,0.019176201372997692,0.020785778766480835,1.0703461053328713
mlp,7,7,0.3,by earliest stop,0.0,0.0,0.06216216216216217,0.022250610874285533,0.5310810810810811,0.011125305437142791,0.15476190476190474,0.32836240571742703,0.9443243243243243,0.03087350103938941,0.8452380952380952,0.32836240571742703,0.05567567567567566,0.030873501039389423,0.9946960389990782
mlp,8,8,0.3,by earliest stop,1.0,0.0,1.0,0.0,0.5,0.0,0.3319883040935672,0.13317089563957332,0.3319883040935672,0.13317089563957332,0.6680116959064328,0.13317089563957332,0.6680116959064328,0.13317089563957332,1.0907856610870228
mlp,9,9,0.3,by earliest stop,0.8472222222222221,0.08307573354132573,0.9015625,0.042344742967037184,0.527170138888889,0.023367916540136462,0.3382544668720199,0.10523267487255991,0.40158843360995855,0.10652078124303382,0.6617455331279801,0.10523267487255991,0.5984115663900414,0.10652078124303382,1.03401110459223
mlp,0,0,0.01,by final end,0.0,0.0,0.0,0.0,0.5,0.0,,,1.0,0.0,,,0.0,0.0,1.0799663705566505
mlp,1,1,0.01,by final end,0.0,0.0,0.02222222222222222,0.019125843684974896,0.5111111111111111,0.009562921842487438,0.9897435897435898,0.001986145305747388,0.9997720797720797,0.00020368101224623464,0.01025641025641022,0.001986145305747386,0.00022792022792024192,0.00020368101224622627,1.0307739566505196
mlp,2,2,0.01,by final end,0.0,0.0,0.09056603773584906,0.019486708660163107,0.5452830188679245,0.009743354330081541,0.8816378205128205,0.0755305346890286,0.9904027576197387,0.005741672681438223,0.11836217948717946,0.07553053468902858,0.009597242380261295,0.005741672681438233,1.0886212181728718
mlp,3,3,0.01,by final end,0.03333333333333333,0.031365527196211704,0.4,0.06135121084105333,0.6833333333333333,0.039507891185452365,0.8301334613454179,0.12099095145547183,0.9350628698224852,0.04897268809814487,0.16986653865458218,0.12099095145547181,0.06493713017751473,0.04897268809814487,1.0220809418888717
mlp,4,4,0.01,by final end,0.0,0.0,0.06290322580645161,0.016039176225996012,0.5314516129032258,0.008019588112998027,0.9889903846153846,0.005543528442579594,0.9992307692307693,0.0005338032357407155,0.011009615384615378,0.005543528442579562,0.0007692307692308331,0.0005338032357406921,1.0142759782863384
mlp,5,5,0.01,by final end,0.0,0.0,0.0,0.0,0.5,0.0,,,1.0,0.0,,,0.0,0.0,1.035403594132228
mlp,6,6,0.01,by final end,0.0,0.0,0.06956521739130435,0.03666408881354642,0.5347826086956522,0.01833204440677323,0.9920072115384616,0.0018697535079451894,0.9994439799331104,0.00032624770928303264,0.007992788461538433,0.0018697535079451912,0.0005560200668896287,0.000326247709283039,1.055390910066621
mlp,7,7,0.01,by final end,0.0,0.0,0.024324324324324326,0.032357270263185536,0.5121621621621621,0.01617863513159277,0.9929487179487179,0.001199249162427541,0.9998180873180873,0.00025958634899121545,0.007051282051282026,0.001199249162427541,0.00018191268191271038,0.00025958634899120623,1.0461837391811408
mlp,8,8,0.01,by final end,0.09583333333333334,0.1021565308246294,0.5960526315789474,0.38291508356140347,0.750109649122807,0.14507927512722413,0.7856714930394204,0.12007362848589254,0.9099797570850203,0.03356492748198394,0.21432850696057965,0.12007362848589252,0.09002024291497973,0.03356492748198394,1.1597831149000952
mlp,9,9,0.01,by final end,0.0,0.0,0.40625,0.2030582155168534,0.703125,0.10152910775842672,0.8735840568744981,0.18246971460996445,0.9794801682692308,0.006644686819754212,0.12641594312550192,0.18246971460996445,0.02051983173076919,0.006644686819754204,1.1243699099462199
mlp,0,0,0.025,by final end,0.0,0.0,0.002564102564102564,0.008108404256841997,0.5012820512820513,0.0040542021284209855,0.9980769230769231,,0.9999950690335305,1.55930851093146e-05,0.0019230769230769162,,4.930966469429698e-06,1.5593085109316877e-05,1.0443054670610337
mlp,1,1,0.025,by final end,0.0,0.0,0.025925925925925925,0.017890588575542515,0.512962962962963,0.00894529428777124,0.9804945054945055,0.016780745114368615,0.9994943019943021,0.0006158669542303923,0.019505494505494467,0.016780745114368622,0.0005056980056980076,0.000615866954230394,1.0176963355140036
mlp,2,2,0.025,by final end,0.002127659574468085,0.006728250340783786,0.29811320754716986,0.3283476678361799,0.6479927739863509,0.1649400867077635,0.7836933239524704,0.10054575138174851,0.9566473149492017,0.030741219263231822,0.21630667604752968,0.10054575138174852,0.0433526850507983,0.030741219263231846,1.025517893646943
mlp,3,3,0.025,by final end,0.05833333333333333,0.02151657414559676,0.45576923076923076,0.10137532219447133,0.6987179487179487,0.0593453815822558,0.7025649709101994,0.1189548383550126,0.8719637573964498,0.04151283872397194,0.2974350290898005,0.11895483835501258,0.12803624260355032,0.041512838723971934,1.008194040214917
mlp,4,4,0.025,by final end,0.0,0.0,0.08064516129032258,0.02844893882865151,0.5403225806451613,0.014224469414325699,0.9825412087912089,0.010834430553274717,0.9983157568238215,0.0014329331046408083,0.0174587912087912,0.010834430553274696,0.0016842431761786459,0.0014329331046408025,1.0007306585263804
mlp,5,5,0.025,by final end,0.0,0.0,0.0,0.0,0.5,0.0,,,1.0,0.0,,,0.0,0.0,1.0171598968176574
mlp,6,6,0.025,by final end,0.0,0.0,0.2,0.16517924807601903,0.6,0.08258962403800951,0.9885673076923076,0.007945975453962147,0.996571906354515,0.004265079225264009,0.011432692307692293,0.007945975453962148,0.003428093645484964,0.004265079225264007,1.034542828987981
mlp,7,7,0.025,by final end,0.0,0.0,0.07567567567567568,0.09080795076291281,0.5378378378378378,0.04540397538145642,0.9746545584045584,0.015811679465336716,0.9974999999999999,0.003725760987555219,0.02534544159544161,0.015811679465336733,0.0025000000000000243,0.003725760987555224,1.022946559023687
mlp,8,8,0.025,by final end,0.19583333333333333,0.1757369843098515,0.6736842105263158,0.4027834824104357,0.7389254385964913,0.11920187178033673,0.7016550921988228,0.11820654346508462,0.8394053643724696,0.0660621404724555,0.2983449078011772,0.11820654346508462,0.16059463562753043,0.06606214047245546,1.0620784238899987
mlp,9,9,0.025,by final end,0.0,0.0,0.5640625,0.3193222328120226,0.78203125,0.15966111640601127,0.8432418166324418,0.18567892652251244,0.95703125,0.01792742125965241,0.1567581833675583,0.18567892652251247,0.04296874999999998,0.0179274212596524,1.0723927775662445
mlp,0,0,0.05,by final end,0.0,0.0,0.15897435897435896,0.1371788215230009,0.5794871794871794,0.06858941076150042,0.9565326340326341,0.011215732835972311,0.9930374753451676,0.006510900939426263,0.04346736596736591,0.011215732835972318,0.006962524654832325,0.006510900939426275,1.039881585566639
mlp,1,1,0.05,by final end,0.0,0.0,0.14814814814814814,0.09562921842487448,0.5740740740740741,0.04781460921243727,0.9344551282051281,0.03861858074365754,0.9875356125356125,0.010651475964331848,0.06554487179487183,0.038618580743657545,0.012464387464387449,0.010651475964331858,1.0155288798321371
mlp,2,2,0.05,by final end,0.2957446808510638,0.23338614160227553,0.7245283018867925,0.22819010725803418,0.7143918105178643,0.21224492298792222,0.5372242043600108,0.3312779208316593,0.7264368650217706,0.1320113693057696,0.46277579563998916,0.3312779208316593,0.27356313497822937,0.1320113693057696,1.0294724857943307
mlp,3,3,0.05,by final end,0.07916666666666666,0.02151657414559676,0.7788461538461539,0.12271916486587593,0.8498397435897436,0.05549285580868224,0.7676933062009389,0.07878175848057255,0.8261057692307692,0.040089494494862404,0.23230669379906113,0.07878175848057256,0.17389423076923077,0.04008949449486241,1.0705910316754201
mlp,4,4,0.05,by final end,0.0,0.0,0.33548387096774196,0.2292113994748254,0.667741935483871,0.11460569973741272,0.9543725317397731,0.021870394083371474,0.9803598014888337,0.016910165021960834,0.04562746826022692,0.0218703940833715,0.019640198511166253,0.016910165021960834,1.004141649805859
mlp,5,5,0.05,by final end,0.0,0.0,0.11176470588235295,0.16275690956429123,0.5558823529411765,0.08137845478214562,0.9315533424908424,0.06858820095543919,0.9943212669683257,0.00832194508593717,0.06844665750915752,0.06858820095543922,0.00567873303167421,0.00832194508593717,1.0082271200944504
mlp,6,6,0.05,by final end,0.02777777777777778,0.015737714548125878,0.7804347826086956,0.2822275393241259,0.8763285024154589,0.13406459314687486,0.919558379120879,0.036157332441684883,0.9285785953177257,0.036282558251702936,0.0804416208791209,0.036157332441684883,0.07142140468227429,0.036282558251702964,1.0457422952346866
mlp,7,7,0.05,by final end,0.0,0.0,0.25675675675675674,0.11342052533346102,0.6283783783783784,0.05671026266673049,0.9286676998215458,0.04710586864597245,0.9773492723492723,0.017978406802742538,0.07133230017845404,0.04710586864597246,0.022650727650727696,0.017978406802742538,1.0533989191250102
mlp,8,8,0.05,by final end,0.4333333333333333,0.05624571314254606,0.993421052631579,0.020804458290581435,0.7800438596491228,0.023099877854571876,0.7124268689057421,0.030656363746159942,0.7145698380566802,0.028355258591627117,0.28757313109425786,0.03065636374615994,0.2854301619433198,0.028355258591627106,1.075632006992477
mlp,9,9,0.05,by final end,0.05277777777777778,0.0276230257225487,0.915625,0.11053452829068591,0.931423611111111,0.04683926392710708,0.81645385820918,0.036871066019022264,0.8303335336538462,0.04400568478615514,0.18354614179081985,0.03687106601902227,0.16966646634615384,0.04400568478615514,1.142414258995412
mlp,0,0,0.075,by final end,0.0,0.0,0.47948717948717945,0.13462555924104563,0.7397435897435898,0.06731277962052282,0.9127868708423683,0.024686735273267993,0.955231755424063,0.023471543695936556,0.08721312915763169,0.024686735273267996,0.044768244575936866,0.02347154369593655,1.077301094221479
mlp,1,1,0.075,by final end,0.0,0.0,0.28518518518518515,0.08738438700832783,0.6425925925925926,0.04369219350416391,0.8869405594405595,0.022676490127250048,0.9682977207977208,0.008917996458070966,0.1130594405594405,0.022676490127250017,0.03170227920227915,0.008917996458070959,1.043650339306475
mlp,2,2,0.075,by final end,0.35106382978723405,0.308204788477174,0.9339622641509434,0.05128775607012606,0.7914492171818547,0.14267883724137104,0.5774533167112998,0.22207225775103068,0.6001015965166909,0.21815947995930335,0.4225466832887001,0.22207225775103068,0.39989840348330913,0.21815947995930335,1.2411481329392395
mlp,3,3,0.075,by final end,0.14166666666666666,0.03513641844631532,0.9038461538461539,0.08835928687237321,0.8810897435897436,0.03671391622240814,0.6867120123762877,0.06676343697452887,0.7206397928994084,0.04457999168957567,0.31328798762371235,0.06676343697452886,0.27936020710059173,0.04457999168957565,1.0381397206132679
mlp,4,4,0.075,by final end,0.010526315789473684,0.013589415249850585,0.7048387096774194,0.17880689099245922,0.8471561969439728,0.08406919358349303,0.8851400671977595,0.052706203712906075,0.919454094292804,0.04019442583491301,0.11485993280224052,0.052706203712906075,0.08054590570719602,0.04019442583491303,1.14384962157142
mlp,5,5,0.075,by final end,0.0,0.0,0.5529411764705883,0.20225563856043335,0.7764705882352941,0.10112781928021668,0.9029771531886917,0.017285090755584934,0.9463235294117647,0.022683071950826205,0.09702284681130834,0.01728509075558496,0.053676470588235305,0.022683071950826212,1.0320179608540803
mlp,6,6,0.075,by final end,0.03333333333333333,0.011712139482105107,0.8847826086956522,0.15063054476630283,0.9257246376811594,0.06946573689304429,0.8493735624840276,0.0528540081705625,0.8606020066889633,0.05278759480771529,0.15062643751597235,0.052854008170562516,0.13939799331103683,0.052787594807715284,1.0819611205008521
mlp,7,7,0.075,by final end,0.0,0.0,0.4756756756756757,0.1361523278364869,0.7378378378378379,0.06807616391824348,0.849511322011322,0.04800947271409843,0.9239864864864865,0.03119143356547025,0.150488677988678,0.04800947271409842,0.07601351351351351,0.031191433565470265,1.1544433590923853
mlp,8,8,0.075,by final end,0.7791666666666667,0.2239946675952602,1.0,0.0,0.6104166666666667,0.11199733379763006,0.617381072874494,0.03119183045986725,0.617381072874494,0.03119183045986725,0.3826189271255061,0.031191830459867214,0.3826189271255061,0.031191830459867214,1.1213736943347778
mlp,9,9,0.075,by final end,0.11944444444444444,0.0600782525833642,0.9640625,0.019557274328665195,0.9223090277777779,0.02379820036922145,0.7391967339051811,0.05153735897588808,0.7479146634615385,0.052275970874862326,0.26080326609481885,0.05153735897588805,0.25208533653846155,0.052275970874862326,1.1485529276400843
mlp,0,0,0.1,by final end,0.0,0.0,0.6564102564102564,0.13029633504382568,0.8282051282051281,0.06514816752191281,0.8823142877374321,0.02315357925746764,0.9202712031558186,0.026615187600932514,0.11768571226256794,0.023153579257467617,0.07972879684418151,0.026615187600932504,1.1081098781856917
mlp,1,1,0.1,by final end,0.0,0.0,0.4444444444444445,0.1831160120270534,0.7222222222222222,0.09155800601352672,0.8838364877015895,0.016384447236705447,0.9484045584045584,0.022652514039090355,0.11616351229841052,0.016384447236705423,0.05159544159544157,0.022652514039090358,1.0252086963732443
mlp,2,2,0.1,by final end,0.4829787234042553,0.30637148651942975,0.9547169811320755,0.009743354330081553,0.7358691288639101,0.14854866191880378,0.4445088235294118,0.2034188322305811,0.46802249637155297,0.19835385474166156,0.5554911764705883,0.20341883223058113,0.5319775036284471,0.19835385474166156,1.198600279154602
mlp,3,3,0.1,by final end,0.20208333333333334,0.02954451025858701,0.975,0.015832165429780075,0.8864583333333333,0.019747082758405338,0.6104084131877603,0.05891686204325968,0.6203957100591716,0.05556061857701473,0.3895915868122397,0.058916862043259695,0.3796042899408284,0.055560618577014755,1.0896026630500826
mlp,4,4,0.1,by final end,0.031578947368421054,0.01664356663246515,0.8612903225806452,0.11101857633669082,0.914855687606112,0.06376091956208833,0.8332603126935558,0.01898288279295723,0.8546991315136477,0.029753414492980648,0.16673968730644428,0.01898288279295723,0.14530086848635237,0.029753414492980655,1.1477026859522608
mlp,5,5,0.1,by final end,0.0036144578313253017,0.005819830018549976,0.8176470588235294,0.12229385199617784,0.907016300496102,0.05948727860414754,0.8633747064900911,0.019315766130037923,0.8864027149321266,0.028957498609984724,0.13662529350990887,0.019315766130037906,0.1135972850678733,0.028957498609984707,1.0051398230636412
mlp,6,6,0.1,by final end,0.06296296296296296,0.024998094730020473,0.9391304347826088,0.017148057342317755,0.9380837359098229,0.008289122804821945,0.792926342068784,0.05794253910162985,0.804757525083612,0.05681109063063826,0.20707365793121607,0.05794253910162986,0.19524247491638796,0.05681109063063826,1.0798862532056916
mlp,7,7,0.1,by final end,0.0,0.0,0.591891891891892,0.16633763479528568,0.7959459459459459,0.08316881739764283,0.8127682583581413,0.035666596667687275,0.8907744282744282,0.029570767211364885,0.18723174164185868,0.03566659666768726,0.10922557172557171,0.029570767211364896,1.1302722357893258
mlp,8,8,0.1,by final end,0.8791666666666668,0.16718668873115736,1.0,0.0,0.5604166666666667,0.08359334436557865,0.5490662955465587,0.02357346579213998,0.5490662955465587,0.02357346579213998,0.4509337044534413,0.023573465792139998,0.4509337044534413,0.023573465792139998,1.0510016093792478
mlp,9,9,0.1,by final end,0.325,0.022868683398571215,0.984375,0.0,0.8296875,0.011434341699285666,0.6322771672771672,0.019280923157939656,0.6380228365384616,0.018979658733596905,0.36772283272283274,0.01928092315793965,0.3619771634615384,0.0189796587335969,1.172756177335083
mlp,0,0,0.15,by final end,0.0,0.0,0.9282051282051281,0.04804604896600068,0.964102564102564,0.024023024483000355,0.8082185178354534,0.02304800083993368,0.8210897435897436,0.027963677068126483,0.19178148216454666,0.023048000839933684,0.1789102564102564,0.027963677068126472,1.1763817938406915
mlp,1,1,0.15,by final end,0.0,0.0,0.7555555555555555,0.0893677089918709,0.8777777777777779,0.04468385449593545,0.8310000832500831,0.024494179903887008,0.8705128205128204,0.028737136647912123,0.1689999167499168,0.02449417990388702,0.12948717948717953,0.02873713664791213,1.0188938204947469
mlp,2,2,0.15,by final end,0.5382978723404255,0.21230446404503134,0.9641509433962264,0.010710305890519746,0.7129265355279004,0.10473360067746378,0.3682287098271261,0.15343335784659498,0.39045355587808417,0.15043013186201584,0.6317712901728739,0.15343335784659498,0.6095464441219158,0.15043013186201584,1.04446014123593
mlp,3,3,0.15,by final end,0.35,0.07068339249999708,1.0,0.0,0.825,0.0353416962499985,0.48091346153846154,0.11885720249921684,0.48091346153846154,0.11885720249921684,0.5190865384615384,0.11885720249921684,0.5190865384615384,0.11885720249921684,1.0839434722097387
mlp,4,4,0.15,by final end,0.0763157894736842,0.041977144259668066,0.953225806451613,0.01412250057695023,0.9384550084889642,0.023638205083865525,0.7046777087765046,0.033231784269237334,0.7182071960297767,0.034669551604072105,0.29532229122349546,0.03323178426923737,0.2817928039702233,0.034669551604072105,1.0926564499704905
mlp,5,5,0.15,by final end,0.012048192771084338,0.0,1.0,0.0,0.9939759036144578,0.0,0.8129411764705882,0.02116350268781962,0.8129411764705882,0.02116350268781962,0.18705882352941178,0.021163502687819635,0.18705882352941178,0.021163502687819635,0.9500797057699433
mlp,6,6,0.15,by final end,0.09074074074074073,0.005856069741052551,0.9739130434782609,0.013749033305079886,0.94158615136876,0.003946481782013643,0.6865074537865236,0.03292196658461493,0.6943394648829432,0.034979242416631987,0.31349254621347644,0.032921966584614944,0.3056605351170568,0.03497924241663199,1.083657534515947
mlp,7,7,0.15,by final end,0.0,0.0,0.818918918918919,0.033828798838772225,0.9094594594594595,0.016914399419386095,0.7683652829430951,0.03097339488644218,0.8094282744282744,0.032504818720232434,0.23163471705690492,0.030973394886442174,0.19057172557172558,0.03250481872023243,1.0844319319459022
mlp,8,8,0.15,by final end,0.9875,0.020126912147485316,1.0,0.0,0.50625,0.010063456073742684,0.49547064777327937,0.023145976273485844,0.49547064777327937,0.023145976273485844,0.5045293522267207,0.023145976273485806,0.5045293522267207,0.023145976273485806,1.066326870407575
mlp,9,9,0.15,by final end,0.6611111111111111,0.1162396653812979,0.984375,0.0,0.6616319444444445,0.05811983269064895,0.5128113553113554,0.02695713762416417,0.5204236778846154,0.026535932348786553,0.4871886446886447,0.026957137624164147,0.47957632211538465,0.026535932348786533,1.102128768537622
mlp,0,0,0.2,by final end,0.013114754098360656,0.0103681234759619,0.9589743589743589,0.013240968704982634,0.9729298024379991,0.0053545159352460245,0.7369642466352994,0.02925844000617389,0.7475443786982249,0.030212469675354313,0.2630357533647007,0.02925844000617387,0.2524556213017751,0.030212469675354334,1.0770282867055503
mlp,1,1,0.2,by final end,0.0,0.0,0.8037037037037036,0.024998094730020466,0.9018518518518519,0.012499047365010266,0.7854537545787545,0.030744662866233632,0.8271937321937323,0.027224562332568362,0.2145462454212454,0.03074466286623365,0.17280626780626782,0.02722456233256836,0.9873248937111734
mlp,2,2,0.2,by final end,0.7829787234042553,0.13374013692281608,0.9773584905660379,0.017338426103258135,0.5971898835808912,0.05941184054871306,0.2029659161308824,0.17131334788200217,0.21877721335268507,0.1788121209836021,0.7970340838691177,0.17131334788200211,0.7812227866473149,0.17881212098360208,1.0980201288066145
mlp,3,3,0.2,by final end,0.4645833333333333,0.08160830303012549,1.0,0.0,0.7677083333333334,0.04080415151506277,0.3861575443786982,0.09236355878312824,0.3861575443786982,0.09236355878312824,0.6138424556213018,0.09236355878312827,0.6138424556213018,0.09236355878312827,1.043415599485021
mlp,4,4,0.2,by final end,0.11578947368421053,0.030889152388875452,0.9612903225806452,0.008328996443456796,0.9227504244482173,0.016996782589339197,0.6326045740982182,0.021613146407257474,0.646774193548387,0.021964483641818206,0.3673954259017818,0.021613146407257453,0.3532258064516129,0.021964483641818203,1.1915933442742763
mlp,5,5,0.2,by final end,0.012048192771084338,0.0,1.0,0.0,0.9939759036144578,0.0,0.7562217194570136,0.02169017476807882,0.7562217194570136,0.02169017476807882,0.24377828054298645,0.021690174768078812,0.24377828054298645,0.021690174768078812,0.8519552022036286
mlp,6,6,0.2,by final end,0.12407407407407407,0.030303549897860684,0.9869565217391305,0.015200128234350014,0.9314412238325283,0.012193113769854307,0.6328412258031824,0.0314889971907929,0.6373411371237458,0.03454586137793453,0.36715877419681764,0.0314889971907929,0.36265886287625415,0.03454586137793453,1.0720068199284076
mlp,7,7,0.2,by final end,0.0,0.0,0.8513513513513514,0.014244493964722467,0.9256756756756757,0.007122246982361262,0.7169969370347394,0.0208160537152683,0.7588825363825364,0.020654784366790652,0.2830030629652605,0.020816053715268304,0.2411174636174636,0.020654784366790642,1.0354021590760458
mlp,8,8,0.2,by final end,0.9958333333333333,0.013176156917368237,1.0,0.0,0.5020833333333333,0.006588078458684137,0.429121963562753,0.05323382901489955,0.429121963562753,0.05323382901489955,0.570878036437247,0.05323382901489957,0.570878036437247,0.05323382901489957,1.1426907498246295
mlp,9,9,0.2,by final end,0.7777777777777778,0.0848625128695526,0.9859375,0.004941058844013088,0.6040798611111111,0.04221850759960322,0.47094365270146527,0.0676463394551543,0.47810096153846154,0.06989424519594387,0.5290563472985348,0.0676463394551543,0.5218990384615385,0.06989424519594387,1.1844312251654976
mlp,0,0,0.3,by final end,0.036065573770491806,0.022924783566560688,0.9692307692307691,0.010811205675789342,0.9665825977301387,0.010225507799085825,0.6927058485611117,0.021120092120991862,0.7020069033530572,0.022912298715590904,0.3072941514388883,0.021120092120991845,0.2979930966469428,0.02291229871559088,1.0495132060716323
mlp,1,1,0.3,by final end,0.01643835616438356,0.027244628109911042,0.8518518518518517,0.052378280087892415,0.9177067478437341,0.02952013713472998,0.7138038483951945,0.02624455767246163,0.7563176638176639,0.025936556414717777,0.28619615160480544,0.026244557672461637,0.2436823361823362,0.025936556414717774,0.9352775142290414
mlp,2,2,0.3,by final end,0.9723404255319149,0.03179647059781546,0.9981132075471699,0.0059665616229591985,0.5128863910076275,0.01704837571914626,0.03572945740761415,0.024618022878912904,0.0375,0.02718883618548879,0.9642705425923859,0.02461802287891292,0.9625,0.027188836185488802,1.049573137020645
mlp,3,3,0.3,by final end,0.7479166666666667,0.08416827097847604,1.0,0.0,0.6260416666666667,0.04208413548923804,0.1293380177514793,0.06048152258492761,0.1293380177514793,0.06048152258492761,0.8706619822485206,0.0604815225849276,0.8706619822485206,0.0604815225849276,1.01118472392301
mlp,4,4,0.3,by final end,0.3815789473684211,0.15306954707557147,0.9806451612903226,0.0068005971186416705,0.7995331069609508,0.07783172388501858,0.4330329970575872,0.0913983673481569,0.4441780397022333,0.08851388206703531,0.5669670029424128,0.0913983673481569,0.5558219602977668,0.08851388206703531,1.0623250142598764
mlp,5,5,0.3,by final end,0.012048192771084338,0.0,1.0,0.0,0.9939759036144578,0.0,0.7231108597285069,0.017906449367627537,0.7231108597285069,0.017906449367627537,0.2768891402714932,0.01790644936762755,0.2768891402714932,0.01790644936762755,0.8380666670850735
mlp,6,6,0.3,by final end,0.22407407407407404,0.05270462766947299,0.9956521739130434,0.0091660222033866,0.8857890499194847,0.024016311122216402,0.5387581753994797,0.019287256718515507,0.5407525083612039,0.02001044761104005,0.46124182460052027,0.01928725671851553,0.459247491638796,0.020010447611040084,1.0703461053328713
mlp,7,7,0.3,by final end,0.0031746031746031746,0.00669265113263149,0.8702702702702704,0.01709339275766689,0.9335478335478335,0.006790474381148818,0.64752197063689,0.018175912326193214,0.693066528066528,0.02005141850014893,0.35247802936310996,0.018175912326193207,0.3069334719334719,0.020051418500148955,0.9946960389990782
mlp,8,8,0.3,by final end,1.0,0.0,1.0,0.0,0.5,0.0,0.2011082995951417,0.08067083101243382,0.2011082995951417,0.08067083101243382,0.7988917004048582,0.0806708310124338,0.7988917004048582,0.0806708310124338,1.0907856610870228
mlp,9,9,0.3,by final end,0.9972222222222221,0.00878410461157883,1.0,0.0,0.5013888888888889,0.004392052305789408,0.19267427884615385,0.04997114503852615,0.19267427884615385,0.04997114503852615,0.8073257211538462,0.04997114503852616,0.8073257211538462,0.04997114503852616,1.03401110459223
